--
-- PostgreSQL database dump
--

\restrict XTYIx6bedtXrK8TlkzsI7ESECq2NPDouwGkwwHN73SfVTruKekYg8u2uiXQMr5D

-- Dumped from database version 16.13 (Ubuntu 16.13-0ubuntu0.24.04.1)
-- Dumped by pg_dump version 16.13 (Ubuntu 16.13-0ubuntu0.24.04.1)

SET statement_timeout = 0;
SET lock_timeout = 0;
SET idle_in_transaction_session_timeout = 0;
SET client_encoding = 'UTF8';
SET standard_conforming_strings = on;
SELECT pg_catalog.set_config('search_path', '', false);
SET check_function_bodies = false;
SET xmloption = content;
SET client_min_messages = warning;
SET row_security = off;

--
-- Name: staging_dbd_v3; Type: SCHEMA; Schema: -; Owner: -
--

CREATE SCHEMA staging_dbd_v3;


--
-- Name: warehouse_dbd_v3; Type: SCHEMA; Schema: -; Owner: -
--

CREATE SCHEMA warehouse_dbd_v3;


SET default_tablespace = '';

SET default_table_access_method = heap;

--
-- Name: source_gee_env; Type: TABLE; Schema: public; Owner: -
--

CREATE TABLE public.source_gee_env (
    adm2_name text,
    year double precision,
    rainfall_annual double precision,
    lst_celsius double precision,
    ndvi double precision,
    ndmi double precision
);


--
-- Name: stg_demografi; Type: TABLE; Schema: staging_dbd_v3; Owner: -
--

CREATE TABLE staging_dbd_v3.stg_demografi (
    kode_bps text,
    tahun bigint,
    kepadatan_penduduk bigint,
    luas_km2 double precision
);


--
-- Name: stg_environment; Type: TABLE; Schema: staging_dbd_v3; Owner: -
--

CREATE TABLE staging_dbd_v3.stg_environment (
    kode_bps text,
    tahun bigint,
    rainfall_annual double precision,
    lst_celsius double precision,
    ndvi double precision,
    ndmi double precision
);


--
-- Name: stg_geojson; Type: TABLE; Schema: staging_dbd_v3; Owner: -
--

CREATE TABLE staging_dbd_v3.stg_geojson (
    kode_bps text,
    nama_geo text,
    latitude double precision,
    longitude double precision
);


--
-- Name: stg_health_dbd; Type: TABLE; Schema: staging_dbd_v3; Owner: -
--

CREATE TABLE staging_dbd_v3.stg_health_dbd (
    kode_bps text,
    nama_kabupaten_kota text,
    tahun bigint,
    jumlah_kasus_dbd bigint
);


--
-- Name: dim_waktu; Type: TABLE; Schema: warehouse_dbd_v3; Owner: -
--

CREATE TABLE warehouse_dbd_v3.dim_waktu (
    tahun integer NOT NULL,
    covid_dummy integer,
    keterangan_periode character varying(20)
);


--
-- Name: dim_wilayah; Type: TABLE; Schema: warehouse_dbd_v3; Owner: -
--

CREATE TABLE warehouse_dbd_v3.dim_wilayah (
    kode_bps character varying(10) NOT NULL,
    nama_kabupaten_kota character varying(100),
    kode_provinsi character varying(10),
    nama_provinsi character varying(50),
    latitude double precision,
    longitude double precision
);


--
-- Name: fact_dbd_env; Type: TABLE; Schema: warehouse_dbd_v3; Owner: -
--

CREATE TABLE warehouse_dbd_v3.fact_dbd_env (
    fact_id integer NOT NULL,
    kode_bps character varying(10),
    tahun integer,
    jumlah_kasus_dbd integer,
    incidence_rate double precision,
    kepadatan_penduduk double precision,
    luas_km2 double precision,
    rainfall_mm double precision,
    rainfall_zscore double precision,
    lst_celsius double precision,
    lst_quartile_rank character varying(5),
    ndvi double precision,
    ndvi_class character varying(20),
    ndmi double precision,
    water_body_density_tier character varying(10),
    lag1_rainfall double precision,
    lag2_rainfall double precision,
    lag3_rainfall double precision,
    composite_vulnerability_index double precision,
    yoy_growth_rate double precision,
    kepadatan_quartile character varying(5),
    density_tier character varying(20),
    is_imputed boolean,
    ir_q integer,
    endemic_persistence_score integer
);


--
-- Name: fact_dbd_env_fact_id_seq; Type: SEQUENCE; Schema: warehouse_dbd_v3; Owner: -
--

CREATE SEQUENCE warehouse_dbd_v3.fact_dbd_env_fact_id_seq
    AS integer
    START WITH 1
    INCREMENT BY 1
    NO MINVALUE
    NO MAXVALUE
    CACHE 1;


--
-- Name: fact_dbd_env_fact_id_seq; Type: SEQUENCE OWNED BY; Schema: warehouse_dbd_v3; Owner: -
--

ALTER SEQUENCE warehouse_dbd_v3.fact_dbd_env_fact_id_seq OWNED BY warehouse_dbd_v3.fact_dbd_env.fact_id;


--
-- Name: pipeline_runs; Type: TABLE; Schema: warehouse_dbd_v3; Owner: -
--

CREATE TABLE warehouse_dbd_v3.pipeline_runs (
    run_id integer NOT NULL,
    run_at timestamp without time zone DEFAULT now(),
    year_start integer,
    year_end integer,
    n_regions integer,
    n_years integer,
    fact_rows integer,
    imputed_rows integer,
    null_ir_rows integer,
    status character varying(20)
);


--
-- Name: pipeline_runs_run_id_seq; Type: SEQUENCE; Schema: warehouse_dbd_v3; Owner: -
--

CREATE SEQUENCE warehouse_dbd_v3.pipeline_runs_run_id_seq
    AS integer
    START WITH 1
    INCREMENT BY 1
    NO MINVALUE
    NO MAXVALUE
    CACHE 1;


--
-- Name: pipeline_runs_run_id_seq; Type: SEQUENCE OWNED BY; Schema: warehouse_dbd_v3; Owner: -
--

ALTER SEQUENCE warehouse_dbd_v3.pipeline_runs_run_id_seq OWNED BY warehouse_dbd_v3.pipeline_runs.run_id;


--
-- Name: fact_dbd_env fact_id; Type: DEFAULT; Schema: warehouse_dbd_v3; Owner: -
--

ALTER TABLE ONLY warehouse_dbd_v3.fact_dbd_env ALTER COLUMN fact_id SET DEFAULT nextval('warehouse_dbd_v3.fact_dbd_env_fact_id_seq'::regclass);


--
-- Name: pipeline_runs run_id; Type: DEFAULT; Schema: warehouse_dbd_v3; Owner: -
--

ALTER TABLE ONLY warehouse_dbd_v3.pipeline_runs ALTER COLUMN run_id SET DEFAULT nextval('warehouse_dbd_v3.pipeline_runs_run_id_seq'::regclass);


--
-- Data for Name: source_gee_env; Type: TABLE DATA; Schema: public; Owner: -
--

COPY public.source_gee_env (adm2_name, year, rainfall_annual, lst_celsius, ndvi, ndmi) FROM stdin;
Bandung	2019	2174.452273928592	28.3698572897365	0.6337577457814794	0.099377338703091
Kota Cimahi	2019	1620.051388290931	36.23815958255757	0.3010635745046053	-0.0169835008765705
Kota Tasikmalaya	2019	2310.369550458224	30.44461042123673	0.5923162033566718	0.0604980331345504
Tasikmalaya	2019	2042.1630877918565	28.11768866950996	0.7105106565140658	0.09891919344299
Ciamis	2019	2073.5035564812024	28.549748012568195	0.678893429351958	0.1000817339836181
Kota Banjar	2019	2065.141982652784	31.061992807680195	0.6168670347507561	0.0807920388577287
Bekasi	2019	1442.1595881707408	34.85114191408151	0.4289974080011036	0.0463919665197184
Bogor	2019	2625.772608394074	30.59795334857929	0.6492720414277456	0.1085342095990005
Cianjur	2019	2290.0793276961795	28.88832099140035	0.6888925996738459	0.1105212231455438
Cirebon	2019	1939.93450728122	34.0800584815389	0.4966517571905161	0.0481551506687809
Garut	2019	2029.9590705697688	28.189244203935036	0.6950464712555728	0.0965916660581111
Indramayu	2019	1598.756573167934	33.14038921514413	0.4675129059740807	0.0322377055617854
Karawang	2019	1416.3783624280643	32.4097258545528	0.4891527269686521	0.0895743042074273
Kota Bandung	2019	1692.8492417452292	36.30006472651239	0.3230889626482032	-0.0069539431113579
Kota Bogor	2019	2896.2170670752585	34.93157212118398	0.4760831431296455	0.0471186353250874
Kota Cirebon	2019	1971.1202884361744	36.75171081978207	0.4067591285832212	-0.00045561517552351617
Kota Sukabumi	2019	2482.1062217003064	32.83913478960145	0.5273402280622	0.0651623218279812
Kuningan	2019	2334.6964434205424	30.10013971601692	0.6553637976569167	0.0830043184060411
Majalengka	2019	2207.118036009796	31.93945153876175	0.5776149792930663	0.0478674283737368
Purwakarta	2019	2206.9761804686177	30.951626697731093	0.6162563361741964	0.0981251626609108
Subang	2019	1866.6082029508168	31.826388070113985	0.5833007657435413	0.0992521189248106
Sukabumi	2019	2363.6994467632103	29.52830318962491	0.68266664980167	0.1061512124808733
Sumedang	2019	2285.234081500076	30.41876424731017	0.6602826137133885	0.0843022778319195
Kota Bekasi	2019	1510.4955448703902	38.40332938438109	0.3232670174652672	0.0027626102934642
Kota Depok	2019	2066.7217976370857	36.81995260551592	0.436530576254908	0.0266180766609168
Bandung	2020	3305.967732469152	27.093625479201325	0.6288692825253253	0.1276931466165931
Kota Cimahi	2020	2467.2556764599635	34.562992533459024	0.3229070297773214	-0.0008878928786586766
Kota Tasikmalaya	2020	4263.212081013488	29.567816179352377	0.5930883105687503	0.1055818352606076
Tasikmalaya	2020	4135.550819200988	27.316662999034687	0.6894064738337972	0.1531336196954033
Ciamis	2020	3925.3182816179456	27.80847450145227	0.6640523520079662	0.1536644202094566
Kota Banjar	2020	3513.816247986596	29.845012535181716	0.6355915488453577	0.1351232703380886
Bekasi	2020	2422.361553744257	33.8624645403142	0.4364049395009104	0.0751644609163953
Bogor	2020	3931.193358138923	29.77778740073953	0.627674811852233	0.1315367939722497
Cianjur	2020	3886.956775152132	27.467957137811204	0.7013216328025548	0.1588695434824358
Cirebon	2020	2658.077830542493	32.53099466329733	0.5332480611956097	0.0788851572828361
Garut	2020	3740.585627378873	26.52047482654455	0.7138576796144606	0.1430101745238783
Indramayu	2020	2277.1414867789817	31.601457815088366	0.4796751537867569	0.1023045595916538
Karawang	2020	2389.301559056579	31.900573274552038	0.4946489359963808	0.1086260378399924
Kota Bandung	2020	2513.0121962627127	35.29757447976612	0.3381847868158817	0.0054522583317455
Kota Bogor	2020	4396.017795340623	34.59728781457616	0.4549268306793518	0.06082053385391
Kota Cirebon	2020	2702.006893223657	35.41788930951739	0.4493994363718247	0.021008395951078
Kota Sukabumi	2020	3741.861040311892	31.863230990105585	0.5243490250445058	0.08677607440215
Kuningan	2020	3408.361826839889	28.551043404301037	0.684565031858717	0.1163665289445186
Majalengka	2020	3170.3744549309395	30.158973344618488	0.6222366852520759	0.0796081084408661
Purwakarta	2020	3414.2726187836693	29.669193078836745	0.6390967753960954	0.1323834625649443
Subang	2020	2760.347747789342	30.66990844252246	0.5848488025610585	0.1347437545663615
Sukabumi	2020	3802.7647033068592	27.748087986921373	0.7053876888980027	0.1646435041313396
Sumedang	2020	3238.834377333822	28.70964498358187	0.6848452903015636	0.1222679194532024
Kota Bekasi	2020	2452.1655455847	37.98694975844051	0.3140979198237955	0.0107176079522601
Kota Depok	2020	3213.666871986071	36.62597087586577	0.4328468815439305	0.0386507971659756
Bandung	2021	3510.340033887831	27.108892674893568	0.632431180225483	0.1363514760848895
Kota Cimahi	2021	2638.8424960055063	34.93935756199785	0.3261386584113654	0.0048282493678447
Kota Tasikmalaya	2021	3952.667402946488	29.264324519535425	0.5852977810609022	0.116611245359868
Tasikmalaya	2021	3809.317711321285	27.247945987696053	0.6946840581366345	0.1821263349623237
Ciamis	2021	3573.89547843042	28.018402735171836	0.6735907334922173	0.1729859007943272
Kota Banjar	2021	3315.841206284269	30.441171135492933	0.6464873536550406	0.1430110270431747
Bekasi	2021	2467.988152374517	33.62260998607808	0.4396925173952092	0.0896783424105403
Bogor	2021	4242.33531003247	29.46373651601365	0.6364414589526577	0.1386727955740794
Cianjur	2021	4062.286974791493	27.459939767904345	0.7121621500078689	0.1721771319431228
Cirebon	2021	2498.2908088736904	32.745712366850434	0.522311017025987	0.104997473097496
Garut	2021	3539.275797933657	26.639686335953904	0.7160692315198595	0.1626085106469056
Indramayu	2021	2268.478549568977	32.10555825542097	0.4712338234991837	0.10415835299567
Karawang	2021	2460.597627059371	31.706094181746963	0.4913546470034342	0.1308186072290561
Kota Bandung	2021	2682.1550078335904	35.46669697293659	0.3374474329154194	0.0046616967592072
Kota Bogor	2021	4842.165652070178	34.392380822240085	0.461810426919328	0.0621085106468363
Kota Cirebon	2021	2478.127582149077	35.59784865275923	0.4436879164865006	0.0306905878983079
Kota Sukabumi	2021	4052.05447445103	31.82172276817386	0.5310016355099648	0.0818929407231283
Kuningan	2021	3222.233080152531	28.51610693670472	0.6711008134444381	0.1499364650436306
Majalengka	2021	3083.381261661226	30.55448822690588	0.6039788517922888	0.1173803665571343
Purwakarta	2021	3691.925290592718	29.25532409452991	0.6517840003637638	0.14776101447337
Subang	2021	2949.651466049144	30.67939467400609	0.5708992287810434	0.1310313728548341
Sukabumi	2021	3991.054348993376	27.916738286402584	0.7152264043255553	0.1697182784174238
Sumedang	2021	3317.1137821656207	28.98537503107304	0.6780821946458141	0.1449415125316624
Kota Bekasi	2021	2433.525304967932	37.38519681742302	0.3259267546054709	0.0229718919140918
Kota Depok	2021	3390.952157643655	36.09569441111799	0.440142318204749	0.039739084862132
Bandung	2022	3937.025795638504	25.705496078348503	0.6308834014040157	0.1399270654721367
Kota Cimahi	2022	2915.8647493909352	33.61503664838706	0.3233752448238341	0.0031690742375236
Kota Tasikmalaya	2022	4822.000764471837	28.84092727721943	0.5842814542000491	0.1118630357991842
Tasikmalaya	2022	4609.392683493271	26.51970836423661	0.6733440491434457	0.1694138795173907
Ciamis	2022	4491.620955952175	27.3685168586696	0.6610134720523053	0.1633319070431476
Kota Banjar	2022	4115.825527912321	29.6965923876566	0.6343123331740724	0.134303659542609
Bekasi	2022	2466.2402930947032	32.99550048593496	0.4525235928110165	0.0799961153179981
Bogor	2022	4501.042792540236	29.07405888241139	0.6433582090516721	0.140202599937182
Cianjur	2022	4432.384345369465	26.423811170995805	0.7060374590910639	0.1780691655811178
Cirebon	2022	2859.1855852346825	31.39487891199547	0.5365045869970175	0.0981665037313651
Garut	2022	4126.449081184703	25.15821454214748	0.6909777387369906	0.165165754315514
Indramayu	2022	2420.8509287557763	30.764306906139545	0.5039377319581734	0.1053927981210045
Karawang	2022	2470.163550767687	31.120112618126026	0.49993594309265	0.1173533595547181
Kota Bandung	2022	2968.19714774301	34.02813837910792	0.3408464943122857	0.0173264864881646
Kota Bogor	2022	5257.573596276962	34.42074777392411	0.4732618071792049	0.0769009544769523
Kota Cirebon	2022	2852.147554206743	34.09813378790012	0.4295280014305515	0.0347439109680768
Kota Sukabumi	2022	4423.94085495363	31.198685276186097	0.5278579049648295	0.0959253195942945
Kuningan	2022	3837.768406157512	27.351024291161227	0.6784866688472402	0.1522216648573653
Majalengka	2022	3474.851006381379	29.011897069596326	0.6276050889276514	0.1159587281256823
Purwakarta	2022	3900.9068919981	28.67750846120334	0.6508165076109356	0.1499852191057671
Subang	2022	3063.857207239314	29.84653433648637	0.5868926927888776	0.1430652015359961
Sukabumi	2022	4241.221220057104	26.702707743606812	0.6983916724109474	0.1751659180434655
Sumedang	2022	3660.361456787237	27.512088376224188	0.6878801202656458	0.1532722016754573
Kota Bekasi	2022	2433.152419132903	37.33822239197275	0.3215077235189053	0.0186325062442029
Kota Depok	2022	3519.8278131137063	36.24766985969392	0.4309244440874871	0.043962482089851
Bandung	2023	2426.8705638652814	27.58363464798875	0.635975783461062	0.1100347785056171
Kota Cimahi	2023	1780.7592295129662	34.911780710496075	0.3234984076872385	-0.013011856016494
Kota Tasikmalaya	2023	2533.653361435985	29.15947991991033	0.5844816986686655	0.0930994181907753
Tasikmalaya	2023	2309.0992973580023	26.662453750893217	0.706816850596352	0.1527548698619791
Ciamis	2023	2259.7237863777023	27.254895723702955	0.6713033489502185	0.1386378225369129
Kota Banjar	2023	2159.6416214600586	29.6388985545399	0.6172144179646439	0.1111692666552471
Bekasi	2023	1613.6202875680194	34.092348257506025	0.4405781155115961	0.0605695585013743
Bogor	2023	2918.1385053361173	30.05459637213884	0.6425318940437346	0.1116847729898642
Cianjur	2023	2681.600476166032	27.70996919389911	0.7149933286618212	0.1385252365761868
Cirebon	2023	1817.91794456472	33.34449133696894	0.5166949563890141	0.0702243823847185
Garut	2023	2315.675483614909	26.9468674327918	0.718808073148305	0.1406398053632571
Indramayu	2023	1534.4134442317838	32.58793728747596	0.4699335439150445	0.0712592334195219
Karawang	2023	1554.711325597758	32.03944649107683	0.4973515250911104	0.0991793679194753
Kota Bandung	2023	1852.1041318064256	34.986118175309926	0.3351295834284958	-0.002506271633602
Kota Bogor	2023	3318.392432540093	34.4179217550848	0.4549817950105541	0.0459586166730201
Kota Cirebon	2023	1845.9937170178855	35.889585912916566	0.4296891059411892	0.0076700827722403
Kota Sukabumi	2023	2815.538633688553	32.28984365333356	0.5194363667595528	0.0585673956310065
Kuningan	2023	2278.1950875419416	29.143568664709772	0.686023645520195	0.126444345271017
Majalengka	2023	2173.7448904603903	31.09832893677488	0.5989724268577644	0.0855093100942189
Purwakarta	2023	2362.582200348339	30.099767313832523	0.6410432377706718	0.1138413686203203
Subang	2023	1912.8071691276828	31.091674617847254	0.5811527456100634	0.1171746470208337
Sukabumi	2023	2684.438669118189	28.202820832144187	0.7113736195000606	0.1304241584733247
Sumedang	2023	2336.5736897709157	29.550193864382333	0.66805642404465	0.1271775064434843
Kota Bekasi	2023	1652.0688524814989	37.867894819965	0.3140307478998164	-0.0009515269913946842
Kota Depok	2023	2303.420020060164	36.72392158767277	0.4032101931167993	0.0202431927021321
Bandung	2024	2994.6356849205717	26.177073156537524	0.6648533231570306	0.1313293625902693
Kota Cimahi	2024	2194.277777606264	33.193016607610595	0.3270170970559838	-0.0039348141463385
Kota Tasikmalaya	2024	3366.5797111637366	27.923332343660267	0.5960545587337841	0.114375326899634
Tasikmalaya	2024	3228.8956845715384	26.227573109232907	0.7280747211653028	0.1731259152832409
Ciamis	2024	3136.4338010286915	26.936870997471107	0.6947411163269045	0.1654172647526144
Kota Banjar	2024	2983.075637255937	28.637286617000324	0.6301231759197325	0.1400114520562947
Bekasi	2024	2197.692773314803	32.7596737586294	0.4522739544007989	0.0713930365708169
Bogor	2024	3982.965462173974	28.843290575667577	0.6588751353256688	0.129316491795417
Cianjur	2024	3496.0454495019285	26.730455452093352	0.7391241501083315	0.1607427536496817
Cirebon	2024	2210.110788187001	31.57738703139872	0.5247372013158764	0.0948153953552681
Garut	2024	3009.3919929339063	25.62792769907602	0.752007983847449	0.1550055664091563
Indramayu	2024	1882.3552466973051	30.955744361537118	0.4664809618521446	0.0910044122586811
Karawang	2024	2118.618138906484	30.941380862881847	0.486175973457769	0.1115784419665606
Kota Bandung	2024	2253.761282607922	33.26870284080299	0.3419329183244985	0.0043853365036695
Kota Bogor	2024	4469.516780057714	33.10410187273489	0.4800059236215343	0.0534356399906068
Kota Cirebon	2024	2216.9234502731347	33.95867921825377	0.4358785126529275	0.0349681664344623
Kota Sukabumi	2024	3760.5335809250346	30.73793554971632	0.5351797707579287	0.0766381443328526
Kuningan	2024	2867.727473613024	27.47763022026377	0.7108858122721319	0.1521338873658919
Majalengka	2024	2576.696252618745	29.563498779308617	0.6149251898282703	0.0955743508893417
Purwakarta	2024	3113.672355577575	28.75757021523405	0.6381108208760772	0.135553498625869
Subang	2024	2413.7091684866946	29.90207183262728	0.5757680281813756	0.1235752642823955
Sukabumi	2024	3712.11571437176	27.055876963674606	0.7255110036096448	0.1608452895368107
Sumedang	2024	2738.182268062937	27.971877067060227	0.6998182042534831	0.1404009009445212
Kota Bekasi	2024	2205.344352800981	36.110206297965725	0.325742884458117	0.0059215759151626
Kota Depok	2024	3231.397356757108	34.94528447655678	0.4289895500411198	0.0325293238778172
\.


--
-- Data for Name: stg_demografi; Type: TABLE DATA; Schema: staging_dbd_v3; Owner: -
--

COPY staging_dbd_v3.stg_demografi (kode_bps, tahun, kepadatan_penduduk, luas_km2) FROM stdin;
3201	2019	2201	2710.62
3202	2019	595	4145.7
3203	2019	589	3840.16
3204	2019	2135	1767.96
3205	2019	853	3074.07
3206	2019	688	2551.19
3207	2019	845	1414.71
3208	2019	973	1110.56
3209	2019	2227	984.52
3210	2019	1001	1204.24
3211	2019	759	1518.33
3212	2019	847	2040.11
3213	2019	843	1893.95
3214	2019	1166	825.74
3215	2019	1425	1652.2
3216	2019	3073	1224.88
3217	2019	1302	1305.77
3218	2019	395	1010
3271	2019	9385	118.5
3272	2019	6812	48.25
3273	2019	14957	167.67
3274	2019	8547	37.36
3275	2019	14539	206.61
3276	2019	12017	200.29
3277	2019	15643	39.27
3278	2019	3866	171.61
3279	2019	1613	113.49
3201	2020	2002	2710.62
3202	2020	657	4145.7
3203	2020	645	3840.16
3204	2020	2050	1767.96
3205	2020	841	3074.07
3206	2020	731	2551.19
3207	2020	869	1414.71
3208	2020	1051	1110.56
3209	2020	2306	984.52
3210	2020	1084	1204.24
3211	2020	759	1518.33
3212	2020	899	2040.11
3213	2020	842	1893.95
3214	2020	1208	825.74
3215	2020	1476	1652.2
3216	2020	2541	1224.88
3217	2020	1370	1305.77
3218	2020	419	1010
3271	2020	8802	118.5
3272	2020	7178	48.25
3273	2020	14577	167.67
3274	2020	8921	37.36
3275	2020	12311	206.61
3276	2020	10267	200.29
3277	2020	14474	39.27
3278	2020	4173	171.61
3279	2020	1771	113.49
3201	2021	2025	2710.62
3202	2021	666	4145.7
3203	2021	653	3840.16
3204	2021	2074	1767.96
3205	2021	847	3074.07
3206	2021	738	2551.19
3207	2021	875	1414.71
3208	2021	1063	1110.56
3209	2021	2327	984.52
3210	2021	1095	1204.24
3211	2021	764	1518.33
3212	2021	907	2040.11
3213	2021	849	1893.95
3214	2021	1225	825.74
3215	2021	1494	1652.2
3216	2021	2578	1224.88
3217	2021	1389	1305.77
3218	2021	423	1010
3271	2021	8881	118.5
3272	2021	7271	48.25
3273	2021	14630	167.67
3274	2021	9017	37.36
3275	2021	12414	206.61
3276	2021	10415	200.29
3277	2021	14556	39.27
3278	2021	4218	171.61
3279	2021	1792	113.49
3201	2022	1861	2991.78
3202	2022	674	4164.15
3203	2022	700	3631.92
3204	2022	2136	1740.84
3205	2022	847	3101.24
3206	2022	705	2705.86
3207	2022	782	1595.94
3208	2022	1003	1192.9
3209	2022	2150	1076.76
3210	2022	1004	1330.17
3211	2022	745	1566.2
3212	2022	902	2076.06
3213	2022	750	2165.55
3214	2022	1036	993.09
3215	2022	1309	1913.71
3216	2022	2570	1251.05
3217	2022	1439	1283.44
3218	2022	383	1128.15
3271	2022	9550	111.37
3272	2022	7377	48.31
3273	2022	14776	166.59
3274	2022	8646	39.47
3275	2022	12159	213.04
3276	2022	10622	199.91
3277	2022	13557	42.43
3278	2022	3988	183.94
3279	2022	1576	131.01
3201	2023	1881	2991.78
3202	2023	673	4164.15
3203	2023	704	3631.92
3204	2023	2138	1740.84
3205	2023	865	3101.24
3206	2023	705	2705.86
3207	2023	784	1595.94
3208	2023	1007	1192.9
3209	2023	2202	1071.95
3210	2023	1008	1330.17
3211	2023	752	1566.2
3212	2023	912	2076.06
3213	2023	762	2165.55
3214	2023	1044	993.09
3215	2023	1320	1913.71
3216	2023	2588	1251.02
3217	2023	1449	1283.44
3218	2023	382	1128.18
3271	2023	9614	111.37
3272	2023	7465	48.31
3273	2023	15047	166.59
3274	2023	8671	39.44
3275	2023	12332	213.04
3276	2023	10732	199.91
3277	2023	13924	42.43
3278	2023	4033	183.94
3279	2023	1584	131.01
3201	2024	1899	2991.78
3202	2024	679	4164.15
3203	2024	712	3631.92
3204	2024	2156	1740.84
3205	2024	876	3101.24
3206	2024	710	2705.86
3207	2024	789	1595.94
3208	2024	1018	1192.9
3209	2024	2228	1071.95
3210	2024	1017	1330.17
3211	2024	758	1566.2
3212	2024	922	2076.06
3213	2024	768	2165.55
3214	2024	1058	993.09
3215	2024	1335	1913.71
3216	2024	2617	1251.02
3217	2024	1468	1283.44
3218	2024	385	1128.18
3271	2024	9683	111.37
3272	2024	7571	48.31
3273	2024	15176	166.59
3274	2024	8744	39.44
3275	2024	12411	213.04
3276	2024	10823	199.91
3277	2024	14110	42.43
3278	2024	4081	183.94
3279	2024	1601	131.01
\.


--
-- Data for Name: stg_environment; Type: TABLE DATA; Schema: staging_dbd_v3; Owner: -
--

COPY staging_dbd_v3.stg_environment (kode_bps, tahun, rainfall_annual, lst_celsius, ndvi, ndmi) FROM stdin;
3204	2019	2174.452273928592	28.3698572897365	0.6337577457814794	0.099377338703091
3277	2019	1620.051388290931	36.23815958255757	0.3010635745046053	-0.0169835008765705
3278	2019	2310.369550458224	30.44461042123673	0.5923162033566718	0.0604980331345504
3206	2019	2042.1630877918565	28.11768866950996	0.7105106565140658	0.09891919344299
3207	2019	2073.5035564812024	28.549748012568195	0.678893429351958	0.1000817339836181
3279	2019	2065.141982652784	31.061992807680195	0.6168670347507561	0.0807920388577287
3216	2019	1442.1595881707408	34.85114191408151	0.4289974080011036	0.0463919665197184
3201	2019	2625.772608394074	30.59795334857929	0.6492720414277456	0.1085342095990005
3203	2019	2290.0793276961795	28.88832099140035	0.6888925996738459	0.1105212231455438
3209	2019	1939.93450728122	34.0800584815389	0.4966517571905161	0.0481551506687809
3205	2019	2029.9590705697688	28.18924420393504	0.6950464712555728	0.0965916660581111
3212	2019	1598.756573167934	33.14038921514413	0.4675129059740807	0.0322377055617854
3215	2019	1416.3783624280643	32.4097258545528	0.4891527269686521	0.0895743042074273
3273	2019	1692.8492417452292	36.30006472651239	0.3230889626482032	-0.0069539431113579
3271	2019	2896.2170670752585	34.93157212118398	0.4760831431296455	0.0471186353250874
3274	2019	1971.1202884361744	36.75171081978207	0.4067591285832212	-0.0004556151755235
3272	2019	2482.1062217003064	32.83913478960145	0.5273402280622	0.0651623218279812
3208	2019	2334.6964434205424	30.10013971601692	0.6553637976569167	0.0830043184060411
3210	2019	2207.118036009796	31.93945153876175	0.5776149792930663	0.0478674283737368
3214	2019	2206.9761804686177	30.951626697731093	0.6162563361741964	0.0981251626609108
3213	2019	1866.6082029508168	31.826388070113985	0.5833007657435413	0.0992521189248106
3202	2019	2363.6994467632103	29.52830318962491	0.68266664980167	0.1061512124808733
3211	2019	2285.234081500076	30.41876424731017	0.6602826137133885	0.0843022778319195
3275	2019	1510.4955448703902	38.40332938438109	0.3232670174652672	0.0027626102934642
3276	2019	2066.7217976370857	36.81995260551592	0.436530576254908	0.0266180766609168
3204	2020	3305.967732469152	27.093625479201325	0.6288692825253253	0.1276931466165931
3277	2020	2467.2556764599635	34.562992533459024	0.3229070297773214	-0.0008878928786586
3278	2020	4263.212081013488	29.567816179352377	0.5930883105687503	0.1055818352606076
3206	2020	4135.550819200988	27.316662999034687	0.6894064738337972	0.1531336196954033
3207	2020	3925.3182816179456	27.80847450145227	0.6640523520079662	0.1536644202094566
3279	2020	3513.816247986596	29.84501253518172	0.6355915488453577	0.1351232703380886
3216	2020	2422.361553744257	33.8624645403142	0.4364049395009104	0.0751644609163953
3201	2020	3931.193358138923	29.77778740073953	0.627674811852233	0.1315367939722497
3203	2020	3886.956775152132	27.467957137811204	0.7013216328025548	0.1588695434824358
3209	2020	2658.077830542493	32.53099466329733	0.5332480611956097	0.0788851572828361
3205	2020	3740.585627378873	26.52047482654455	0.7138576796144606	0.1430101745238783
3212	2020	2277.1414867789817	31.601457815088366	0.4796751537867569	0.1023045595916538
3215	2020	2389.301559056579	31.90057327455204	0.4946489359963808	0.1086260378399924
3273	2020	2513.0121962627127	35.29757447976612	0.3381847868158817	0.0054522583317455
3271	2020	4396.017795340623	34.59728781457616	0.4549268306793518	0.06082053385391
3274	2020	2702.006893223657	35.41788930951739	0.4493994363718247	0.021008395951078
3272	2020	3741.861040311892	31.863230990105585	0.5243490250445058	0.08677607440215
3208	2020	3408.361826839889	28.55104340430104	0.684565031858717	0.1163665289445186
3210	2020	3170.3744549309395	30.158973344618488	0.6222366852520759	0.0796081084408661
3214	2020	3414.2726187836693	29.669193078836745	0.6390967753960954	0.1323834625649443
3213	2020	2760.347747789342	30.66990844252246	0.5848488025610585	0.1347437545663615
3202	2020	3802.7647033068592	27.748087986921373	0.7053876888980027	0.1646435041313396
3211	2020	3238.834377333822	28.70964498358187	0.6848452903015636	0.1222679194532024
3275	2020	2452.1655455847	37.98694975844051	0.3140979198237955	0.0107176079522601
3276	2020	3213.666871986071	36.62597087586577	0.4328468815439305	0.0386507971659756
3204	2021	3510.340033887831	27.108892674893568	0.632431180225483	0.1363514760848895
3277	2021	2638.8424960055063	34.93935756199785	0.3261386584113654	0.0048282493678447
3278	2021	3952.667402946488	29.264324519535425	0.5852977810609022	0.116611245359868
3206	2021	3809.317711321285	27.247945987696053	0.6946840581366345	0.1821263349623237
3207	2021	3573.89547843042	28.01840273517184	0.6735907334922173	0.1729859007943272
3279	2021	3315.841206284269	30.441171135492933	0.6464873536550406	0.1430110270431747
3216	2021	2467.988152374517	33.62260998607808	0.4396925173952092	0.0896783424105403
3201	2021	4242.33531003247	29.46373651601365	0.6364414589526577	0.1386727955740794
3203	2021	4062.286974791493	27.459939767904345	0.7121621500078689	0.1721771319431228
3209	2021	2498.2908088736904	32.745712366850434	0.522311017025987	0.104997473097496
3205	2021	3539.275797933657	26.639686335953904	0.7160692315198595	0.1626085106469056
3212	2021	2268.478549568977	32.10555825542097	0.4712338234991837	0.10415835299567
3215	2021	2460.597627059371	31.706094181746963	0.4913546470034342	0.1308186072290561
3273	2021	2682.1550078335904	35.46669697293659	0.3374474329154194	0.0046616967592072
3271	2021	4842.165652070178	34.392380822240085	0.461810426919328	0.0621085106468363
3274	2021	2478.127582149077	35.59784865275923	0.4436879164865006	0.0306905878983079
3272	2021	4052.05447445103	31.82172276817386	0.5310016355099648	0.0818929407231283
3208	2021	3222.233080152531	28.51610693670472	0.6711008134444381	0.1499364650436306
3210	2021	3083.381261661226	30.55448822690588	0.6039788517922888	0.1173803665571343
3214	2021	3691.925290592718	29.25532409452991	0.6517840003637638	0.14776101447337
3213	2021	2949.651466049144	30.67939467400609	0.5708992287810434	0.1310313728548341
3202	2021	3991.054348993376	27.916738286402584	0.7152264043255553	0.1697182784174238
3211	2021	3317.1137821656207	28.98537503107304	0.6780821946458141	0.1449415125316624
3275	2021	2433.525304967932	37.38519681742302	0.3259267546054709	0.0229718919140918
3276	2021	3390.952157643655	36.09569441111799	0.440142318204749	0.039739084862132
3204	2022	3937.025795638504	25.705496078348503	0.6308834014040157	0.1399270654721367
3277	2022	2915.8647493909352	33.61503664838706	0.3233752448238341	0.0031690742375236
3278	2022	4822.000764471837	28.84092727721943	0.5842814542000491	0.1118630357991842
3206	2022	4609.392683493271	26.51970836423661	0.6733440491434457	0.1694138795173907
3207	2022	4491.620955952175	27.3685168586696	0.6610134720523053	0.1633319070431476
3279	2022	4115.825527912321	29.6965923876566	0.6343123331740724	0.134303659542609
3216	2022	2466.2402930947032	32.99550048593496	0.4525235928110165	0.0799961153179981
3201	2022	4501.042792540236	29.07405888241139	0.6433582090516721	0.140202599937182
3203	2022	4432.384345369465	26.423811170995805	0.7060374590910639	0.1780691655811178
3209	2022	2859.1855852346825	31.39487891199547	0.5365045869970175	0.0981665037313651
3205	2022	4126.449081184703	25.15821454214748	0.6909777387369906	0.165165754315514
3212	2022	2420.8509287557763	30.764306906139545	0.5039377319581734	0.1053927981210045
3215	2022	2470.163550767687	31.120112618126026	0.49993594309265	0.1173533595547181
3273	2022	2968.19714774301	34.02813837910792	0.3408464943122857	0.0173264864881646
3271	2022	5257.573596276962	34.42074777392411	0.4732618071792049	0.0769009544769523
3274	2022	2852.147554206743	34.09813378790012	0.4295280014305515	0.0347439109680768
3272	2022	4423.94085495363	31.198685276186097	0.5278579049648295	0.0959253195942945
3208	2022	3837.768406157512	27.351024291161227	0.6784866688472402	0.1522216648573653
3210	2022	3474.851006381379	29.011897069596326	0.6276050889276514	0.1159587281256823
3214	2022	3900.9068919981	28.67750846120334	0.6508165076109356	0.1499852191057671
3213	2022	3063.857207239314	29.84653433648637	0.5868926927888776	0.1430652015359961
3202	2022	4241.221220057104	26.70270774360681	0.6983916724109474	0.1751659180434655
3211	2022	3660.361456787237	27.512088376224188	0.6878801202656458	0.1532722016754573
3275	2022	2433.152419132903	37.33822239197275	0.3215077235189053	0.0186325062442029
3276	2022	3519.8278131137063	36.24766985969392	0.4309244440874871	0.043962482089851
3204	2023	2426.8705638652814	27.58363464798875	0.635975783461062	0.1100347785056171
3277	2023	1780.7592295129662	34.911780710496075	0.3234984076872385	-0.013011856016494
3278	2023	2533.653361435985	29.15947991991033	0.5844816986686655	0.0930994181907753
3206	2023	2309.0992973580023	26.662453750893217	0.706816850596352	0.1527548698619791
3207	2023	2259.7237863777023	27.254895723702955	0.6713033489502185	0.1386378225369129
3279	2023	2159.6416214600586	29.6388985545399	0.6172144179646439	0.1111692666552471
3216	2023	1613.6202875680194	34.092348257506025	0.4405781155115961	0.0605695585013743
3201	2023	2918.1385053361173	30.05459637213884	0.6425318940437346	0.1116847729898642
3203	2023	2681.600476166032	27.70996919389911	0.7149933286618212	0.1385252365761868
3209	2023	1817.91794456472	33.34449133696894	0.5166949563890141	0.0702243823847185
3205	2023	2315.675483614909	26.9468674327918	0.718808073148305	0.1406398053632571
3212	2023	1534.4134442317838	32.58793728747596	0.4699335439150445	0.0712592334195219
3215	2023	1554.711325597758	32.03944649107683	0.4973515250911104	0.0991793679194753
3273	2023	1852.1041318064256	34.986118175309926	0.3351295834284958	-0.002506271633602
3271	2023	3318.392432540093	34.4179217550848	0.4549817950105541	0.0459586166730201
3274	2023	1845.9937170178853	35.889585912916566	0.4296891059411892	0.0076700827722403
3272	2023	2815.538633688553	32.28984365333356	0.5194363667595528	0.0585673956310065
3208	2023	2278.1950875419416	29.14356866470977	0.686023645520195	0.126444345271017
3210	2023	2173.7448904603903	31.09832893677488	0.5989724268577644	0.0855093100942189
3214	2023	2362.582200348339	30.099767313832523	0.6410432377706718	0.1138413686203203
3213	2023	1912.8071691276828	31.091674617847254	0.5811527456100634	0.1171746470208337
3202	2023	2684.438669118189	28.202820832144187	0.7113736195000606	0.1304241584733247
3211	2023	2336.573689770916	29.550193864382333	0.66805642404465	0.1271775064434843
3275	2023	1652.0688524814989	37.867894819965	0.3140307478998164	-0.0009515269913946
3276	2023	2303.420020060164	36.72392158767277	0.4032101931167993	0.0202431927021321
3204	2024	2994.635684920572	26.177073156537524	0.6648533231570306	0.1313293625902693
3277	2024	2194.277777606264	33.193016607610595	0.3270170970559838	-0.0039348141463385
3278	2024	3366.5797111637366	27.923332343660267	0.5960545587337841	0.114375326899634
3206	2024	3228.8956845715384	26.227573109232907	0.7280747211653028	0.1731259152832409
3207	2024	3136.4338010286915	26.936870997471107	0.6947411163269045	0.1654172647526144
3279	2024	2983.075637255937	28.637286617000324	0.6301231759197325	0.1400114520562947
3216	2024	2197.692773314803	32.7596737586294	0.4522739544007989	0.0713930365708169
3201	2024	3982.965462173974	28.843290575667577	0.6588751353256688	0.129316491795417
3203	2024	3496.0454495019285	26.730455452093352	0.7391241501083315	0.1607427536496817
3209	2024	2210.110788187001	31.57738703139872	0.5247372013158764	0.0948153953552681
3205	2024	3009.3919929339063	25.62792769907602	0.752007983847449	0.1550055664091563
3212	2024	1882.355246697305	30.95574436153712	0.4664809618521446	0.0910044122586811
3215	2024	2118.618138906484	30.941380862881847	0.486175973457769	0.1115784419665606
3273	2024	2253.761282607922	33.26870284080299	0.3419329183244985	0.0043853365036695
3271	2024	4469.516780057714	33.10410187273489	0.4800059236215343	0.0534356399906068
3274	2024	2216.9234502731347	33.95867921825377	0.4358785126529275	0.0349681664344623
3272	2024	3760.5335809250346	30.73793554971632	0.5351797707579287	0.0766381443328526
3208	2024	2867.727473613024	27.47763022026377	0.7108858122721319	0.1521338873658919
3210	2024	2576.696252618745	29.563498779308617	0.6149251898282703	0.0955743508893417
3214	2024	3113.672355577575	28.75757021523405	0.6381108208760772	0.135553498625869
3213	2024	2413.7091684866946	29.90207183262728	0.5757680281813756	0.1235752642823955
3202	2024	3712.11571437176	27.055876963674606	0.7255110036096448	0.1608452895368107
3211	2024	2738.182268062937	27.971877067060227	0.6998182042534831	0.1404009009445212
3275	2024	2205.344352800981	36.110206297965725	0.325742884458117	0.0059215759151626
3276	2024	3231.397356757108	34.94528447655678	0.4289895500411198	0.0325293238778172
\.


--
-- Data for Name: stg_geojson; Type: TABLE DATA; Schema: staging_dbd_v3; Owner: -
--

COPY staging_dbd_v3.stg_geojson (kode_bps, nama_geo, latitude, longitude) FROM stdin;
3201	BOGOR	-6.559979467012891	106.76753084549104
3202	SUKABUMI	-7.076208330022969	106.70762114728144
3203	CIANJUR	-7.13371255831476	107.1577719391715
3204	BANDUNG	-7.09996871100404	107.61084118112124
3205	GARUT	-7.359586306791645	107.7888626519444
3206	TASIKMALAYA	-7.49689205382677	108.14127957114864
3207	CIAMIS	-7.29053691013904	108.4286485763159
3218	PANGANDARAN	-7.635941120863425	108.51869086831188
3208	KUNINGAN	-7.004233297299364	108.56030060920618
3209	CIREBON	-6.745513122353395	108.5513362292157
3210	MAJALENGKA	-6.815865347032824	108.25781162111709
3211	SUMEDANG	-6.825065807079215	107.980850014724
3212	INDRAMAYU	-6.448638008557984	108.16872921036352
3213	SUBANG	-6.484193692253674	107.73222605990968
3214	PURWAKARTA	-6.598451184311376	107.43945401092358
3215	KARAWANG	-6.252003435526286	107.35392706280471
3216	BEKASI	-6.215149003860636	107.12066882095468
3217	BANDUNG BARAT	-6.896246630707093	107.41457444962974
3271	KOTA BOGOR	-6.5934531099180855	106.79956409746802
3272	KOTA SUKABUMI	-6.939871776585204	106.92433209381926
3273	KOTA BANDUNG	-6.91913514317192	107.63660176639108
3274	KOTA CIREBON	-6.741886382852972	108.55350480661896
3275	KOTA BEKASI	-6.280230917845463	106.97568222485252
3276	KOTA DEPOK	-6.3961021533838105	106.8168080404125
3277	KOTA CIMAHI	-6.8864951878765766	107.54358233255392
3278	KOTA TASIKMALAYA	-7.360251032185173	108.21935467378374
3279	KOTA BANJAR	-7.3763020025443	108.56650169745124
\.


--
-- Data for Name: stg_health_dbd; Type: TABLE DATA; Schema: staging_dbd_v3; Owner: -
--

COPY staging_dbd_v3.stg_health_dbd (kode_bps, nama_kabupaten_kota, tahun, jumlah_kasus_dbd) FROM stdin;
3201	KABUPATEN BOGOR	2019	1210
3202	KABUPATEN SUKABUMI	2019	616
3203	KABUPATEN CIANJUR	2019	643
3204	KABUPATEN BANDUNG	2019	2635
3205	KABUPATEN GARUT	2019	769
3206	KABUPATEN TASIKMALAYA	2019	210
3207	KABUPATEN CIAMIS	2019	404
3208	KABUPATEN KUNINGAN	2019	505
3209	KABUPATEN CIREBON	2019	1291
3210	KABUPATEN MAJALENGKA	2019	457
3211	KABUPATEN SUMEDANG	2019	663
3212	KABUPATEN INDRAMAYU	2019	222
3213	KABUPATEN SUBANG	2019	270
3214	KABUPATEN PURWAKARTA	2019	544
3215	KABUPATEN KARAWANG	2019	199
3216	KABUPATEN BEKASI	2019	511
3217	KABUPATEN BANDUNG BARAT	2019	1706
3218	KABUPATEN PANGANDARAN	2019	158
3271	KOTA BOGOR	2019	611
3272	KOTA SUKABUMI	2019	786
3273	KOTA BANDUNG	2019	4424
3274	KOTA CIREBON	2019	135
3275	KOTA BEKASI	2019	2373
3276	KOTA DEPOK	2019	2200
3277	KOTA CIMAHI	2019	1020
3278	KOTA TASIKMALAYA	2019	658
3279	KOTA BANJAR	2019	62
3201	KABUPATEN BOGOR	2020	1296
3202	KABUPATEN SUKABUMI	2020	561
3203	KABUPATEN CIANJUR	2020	684
3204	KABUPATEN BANDUNG	2020	2303
3205	KABUPATEN GARUT	2020	651
3206	KABUPATEN TASIKMALAYA	2020	179
3207	KABUPATEN CIAMIS	2020	1457
3208	KABUPATEN KUNINGAN	2020	362
3209	KABUPATEN CIREBON	2020	880
3210	KABUPATEN MAJALENGKA	2020	1153
3211	KABUPATEN SUMEDANG	2020	707
3212	KABUPATEN INDRAMAYU	2020	214
3213	KABUPATEN SUBANG	2020	283
3214	KABUPATEN PURWAKARTA	2020	534
3215	KABUPATEN KARAWANG	2020	1329
3216	KABUPATEN BEKASI	2020	317
3217	KABUPATEN BANDUNG BARAT	2020	968
3218	KABUPATEN PANGANDARAN	2020	196
3271	KOTA BOGOR	2020	241
3272	KOTA SUKABUMI	2020	651
3273	KOTA BANDUNG	2020	4424
3274	KOTA CIREBON	2020	171
3275	KOTA BEKASI	2020	1646
3276	KOTA DEPOK	2020	1276
3277	KOTA CIMAHI	2020	433
3278	KOTA TASIKMALAYA	2020	1409
3279	KOTA BANJAR	2020	146
3201	KABUPATEN BOGOR	2021	2220
3202	KABUPATEN SUKABUMI	2021	272
3203	KABUPATEN CIANJUR	2021	430
3204	KABUPATEN BANDUNG	2021	2026
3205	KABUPATEN GARUT	2021	1011
3206	KABUPATEN TASIKMALAYA	2021	48
3207	KABUPATEN CIAMIS	2021	470
3208	KABUPATEN KUNINGAN	2021	544
3209	KABUPATEN CIREBON	2021	819
3210	KABUPATEN MAJALENGKA	2021	447
3211	KABUPATEN SUMEDANG	2021	1264
3212	KABUPATEN INDRAMAYU	2021	188
3213	KABUPATEN SUBANG	2021	287
3214	KABUPATEN PURWAKARTA	2021	220
3215	KABUPATEN KARAWANG	2021	929
3216	KABUPATEN BEKASI	2021	370
3217	KABUPATEN BANDUNG BARAT	2021	419
3218	KABUPATEN PANGANDARAN	2021	79
3271	KOTA BOGOR	2021	526
3272	KOTA SUKABUMI	2021	449
3273	KOTA BANDUNG	2021	3743
3274	KOTA CIREBON	2021	166
3275	KOTA BEKASI	2021	1844
3276	KOTA DEPOK	2021	3155
3277	KOTA CIMAHI	2021	590
3278	KOTA TASIKMALAYA	2021	909
3279	KOTA BANJAR	2021	29
3201	KABUPATEN BOGOR	2022	1953
3202	KABUPATEN SUKABUMI	2022	383
3203	KABUPATEN CIANJUR	2022	819
3204	KABUPATEN BANDUNG	2022	4191
3205	KABUPATEN GARUT	2022	904
3206	KABUPATEN TASIKMALAYA	2022	319
3207	KABUPATEN CIAMIS	2022	702
3208	KABUPATEN KUNINGAN	2022	1474
3209	KABUPATEN CIREBON	2022	1815
3210	KABUPATEN MAJALENGKA	2022	641
3211	KABUPATEN SUMEDANG	2022	2186
3212	KABUPATEN INDRAMAYU	2022	370
3213	KABUPATEN SUBANG	2022	995
3214	KABUPATEN PURWAKARTA	2022	412
3215	KABUPATEN KARAWANG	2022	1320
3216	KABUPATEN BEKASI	2022	1009
3217	KABUPATEN BANDUNG BARAT	2022	1260
3218	KABUPATEN PANGANDARAN	2022	502
3271	KOTA BOGOR	2022	1531
3272	KOTA SUKABUMI	2022	1028
3273	KOTA BANDUNG	2022	5205
3274	KOTA CIREBON	2022	270
3275	KOTA BEKASI	2022	2442
3276	KOTA DEPOK	2022	2234
3277	KOTA CIMAHI	2022	675
3278	KOTA TASIKMALAYA	2022	1855
3279	KOTA BANJAR	2022	113
3201	KABUPATEN BOGOR	2023	1881
3202	KABUPATEN SUKABUMI	2023	113
3203	KABUPATEN CIANJUR	2023	829
3204	KABUPATEN BANDUNG	2023	1005
3205	KABUPATEN GARUT	2023	730
3206	KABUPATEN TASIKMALAYA	2023	88
3207	KABUPATEN CIAMIS	2023	232
3208	KABUPATEN KUNINGAN	2023	630
3209	KABUPATEN CIREBON	2023	728
3210	KABUPATEN MAJALENGKA	2023	253
3211	KABUPATEN SUMEDANG	2023	1308
3212	KABUPATEN INDRAMAYU	2023	218
3213	KABUPATEN SUBANG	2023	618
3214	KABUPATEN PURWAKARTA	2023	424
3215	KABUPATEN KARAWANG	2023	991
3216	KABUPATEN BEKASI	2023	726
3217	KABUPATEN BANDUNG BARAT	2023	1322
3218	KABUPATEN PANGANDARAN	2023	253
3271	KOTA BOGOR	2023	1474
3272	KOTA SUKABUMI	2023	415
3273	KOTA BANDUNG	2023	1856
3274	KOTA CIREBON	2023	227
3275	KOTA BEKASI	2023	1220
3276	KOTA DEPOK	2023	1031
3277	KOTA CIMAHI	2023	350
3278	KOTA TASIKMALAYA	2023	353
3279	KOTA BANJAR	2023	53
3201	KABUPATEN BOGOR	2024	3404
3202	KABUPATEN SUKABUMI	2024	841
3203	KABUPATEN CIANJUR	2024	1932
3204	KABUPATEN BANDUNG	2024	3589
3205	KABUPATEN GARUT	2024	3269
3206	KABUPATEN TASIKMALAYA	2024	763
3207	KABUPATEN CIAMIS	2024	1420
3208	KABUPATEN KUNINGAN	2024	2165
3209	KABUPATEN CIREBON	2024	1833
3210	KABUPATEN MAJALENGKA	2024	1275
3211	KABUPATEN SUMEDANG	2024	2303
3212	KABUPATEN INDRAMAYU	2024	528
3213	KABUPATEN SUBANG	2024	1929
3214	KABUPATEN PURWAKARTA	2024	1088
3215	KABUPATEN KARAWANG	2024	3279
3216	KABUPATEN BEKASI	2024	1902
3217	KABUPATEN BANDUNG BARAT	2024	3754
3218	KABUPATEN PANGANDARAN	2024	890
3271	KOTA BOGOR	2024	3117
3272	KOTA SUKABUMI	2024	1631
3273	KOTA BANDUNG	2024	7680
3274	KOTA CIREBON	2024	597
3275	KOTA BEKASI	2024	4167
3276	KOTA DEPOK	2024	5040
3277	KOTA CIMAHI	2024	850
3278	KOTA TASIKMALAYA	2024	1777
3279	KOTA BANJAR	2024	400
\.


--
-- Data for Name: dim_waktu; Type: TABLE DATA; Schema: warehouse_dbd_v3; Owner: -
--

COPY warehouse_dbd_v3.dim_waktu (tahun, covid_dummy, keterangan_periode) FROM stdin;
2019	0	Normal
2020	1	Pandemi
2021	1	Pandemi
2022	0	Normal
2023	0	Normal
2024	0	Normal
\.


--
-- Data for Name: dim_wilayah; Type: TABLE DATA; Schema: warehouse_dbd_v3; Owner: -
--

COPY warehouse_dbd_v3.dim_wilayah (kode_bps, nama_kabupaten_kota, kode_provinsi, nama_provinsi, latitude, longitude) FROM stdin;
3201	KABUPATEN BOGOR	32	JAWA BARAT	-6.559979467012891	106.76753084549104
3202	KABUPATEN SUKABUMI	32	JAWA BARAT	-7.076208330022969	106.70762114728144
3203	KABUPATEN CIANJUR	32	JAWA BARAT	-7.13371255831476	107.1577719391715
3204	KABUPATEN BANDUNG	32	JAWA BARAT	-7.09996871100404	107.61084118112124
3205	KABUPATEN GARUT	32	JAWA BARAT	-7.359586306791645	107.7888626519444
3206	KABUPATEN TASIKMALAYA	32	JAWA BARAT	-7.49689205382677	108.14127957114864
3207	KABUPATEN CIAMIS	32	JAWA BARAT	-7.29053691013904	108.4286485763159
3208	KABUPATEN KUNINGAN	32	JAWA BARAT	-7.004233297299364	108.56030060920618
3209	KABUPATEN CIREBON	32	JAWA BARAT	-6.745513122353395	108.5513362292157
3210	KABUPATEN MAJALENGKA	32	JAWA BARAT	-6.815865347032824	108.25781162111709
3211	KABUPATEN SUMEDANG	32	JAWA BARAT	-6.825065807079215	107.980850014724
3212	KABUPATEN INDRAMAYU	32	JAWA BARAT	-6.448638008557984	108.16872921036352
3213	KABUPATEN SUBANG	32	JAWA BARAT	-6.484193692253674	107.73222605990968
3214	KABUPATEN PURWAKARTA	32	JAWA BARAT	-6.598451184311376	107.43945401092358
3215	KABUPATEN KARAWANG	32	JAWA BARAT	-6.252003435526286	107.35392706280471
3216	KABUPATEN BEKASI	32	JAWA BARAT	-6.215149003860636	107.12066882095468
3217	KABUPATEN BANDUNG BARAT	32	JAWA BARAT	-6.896246630707093	107.41457444962974
3218	KABUPATEN PANGANDARAN	32	JAWA BARAT	-7.635941120863425	108.51869086831188
3271	KOTA BOGOR	32	JAWA BARAT	-6.5934531099180855	106.79956409746802
3272	KOTA SUKABUMI	32	JAWA BARAT	-6.939871776585204	106.92433209381926
3273	KOTA BANDUNG	32	JAWA BARAT	-6.91913514317192	107.63660176639108
3274	KOTA CIREBON	32	JAWA BARAT	-6.741886382852972	108.55350480661896
3275	KOTA BEKASI	32	JAWA BARAT	-6.280230917845463	106.97568222485252
3276	KOTA DEPOK	32	JAWA BARAT	-6.3961021533838105	106.8168080404125
3277	KOTA CIMAHI	32	JAWA BARAT	-6.8864951878765766	107.54358233255392
3278	KOTA TASIKMALAYA	32	JAWA BARAT	-7.360251032185173	108.21935467378374
3279	KOTA BANJAR	32	JAWA BARAT	-7.3763020025443	108.56650169745124
\.


--
-- Data for Name: fact_dbd_env; Type: TABLE DATA; Schema: warehouse_dbd_v3; Owner: -
--

COPY warehouse_dbd_v3.fact_dbd_env (fact_id, kode_bps, tahun, jumlah_kasus_dbd, incidence_rate, kepadatan_penduduk, luas_km2, rainfall_mm, rainfall_zscore, lst_celsius, lst_quartile_rank, ndvi, ndvi_class, ndmi, water_body_density_tier, lag1_rainfall, lag2_rainfall, lag3_rainfall, composite_vulnerability_index, yoy_growth_rate, kepadatan_quartile, density_tier, is_imputed, ir_q, endemic_persistence_score) FROM stdin;
649	3201	2019	1210	20.281342039265343	2201	2710.62	2625.772608394074	1.603274456538858	30.59795334857929	Q2	0.6492720414277456	Dense	0.1085342095990005	\N	2625.772608394074	2625.772608394074	2625.772608394074	0.3320844531063871	\N	Q3	Tinggi	f	1	0
650	3201	2020	1296	23.882087764151645	2002	2710.62	3931.193358138923	1.0046833280112275	29.77778740073953	Q2	0.627674811852233	Dense	0.1315367939722497	\N	2625.772608394074	2625.772608394074	2625.772608394074	0.218834061738671	17.753981555634436	Q3	Tinggi	f	1	0
651	3201	2021	2220	40.44448488892933	2025	2710.62	4242.33531003247	1.414754595990975	29.46373651601365	Q2	0.6364414589526577	Dense	0.1386727955740794	\N	3931.193358138923	2625.772608394074	2625.772608394074	0.3025971058580207	69.35070873342477	Q3	Tinggi	f	3	0
652	3201	2022	1953	35.07730472197744	1861	2991.78	4501.042792540236	0.9763280348944784	29.07405888241139	Q2	0.6433582090516721	Dense	0.140202599937182	\N	4242.33531003247	3931.193358138923	2625.772608394074	0.1939783101850445	-13.27048714229272	Q3	Tinggi	f	1	0
653	3201	2023	1881	33.42491760757809	1881	2991.78	2918.1385053361173	1.5969920562845743	30.05459637213884	Q2	0.6425318940437346	Dense	0.1116847729898642	\N	4501.042792540236	4242.33531003247	3931.193358138923	0.3718072073331062	-4.710701484895052	Q3	Tinggi	f	2	0
654	3201	2024	3404	59.91491286792829	1899	2991.78	3982.965462173974	1.6957244953823225	28.843290575667577	Q2	0.6588751353256688	Dense	0.129316491795417	\N	2918.1385053361173	4501.042792540236	4242.33531003247	0.4068701554864385	79.25223802001055	Q3	Tinggi	f	1	0
655	3202	2019	616	24.972721558411337	595	4145.7	2363.6994467632103	0.8537220558943092	29.52830318962491	Q2	0.68266664980167	Dense	0.1061512124808733	\N	2363.6994467632103	2363.6994467632103	2363.6994467632103	-0.1123671338775028	\N	Q1	Rendah	f	1	0
656	3202	2020	561	20.596793751086977	657	4145.7	3802.7647033068592	0.8019062535375377	27.748087986921373	Q1	0.7053876888980027	Dense	0.1646435041313396	\N	2363.6994467632103	2363.6994467632103	2363.6994467632103	-0.1954964355867784	-17.522831050228305	Q1	Rendah	f	1	0
657	3202	2021	272	9.851373915343814	666	4145.7	3991.054348993376	1.030572684855458	27.916738286402584	Q1	0.7152264043255553	Dense	0.1697182784174238	\N	3802.7647033068592	2363.6994467632103	2363.6994467632103	-0.133807556473714	-52.17035217035216	Q1	Rendah	f	1	0
658	3202	2022	383	13.646224515453032	674	4164.15	4241.221220057104	0.6547377483128597	26.70270774360681	Q1	0.6983916724109474	Dense	0.1751659180434655	\N	3991.054348993376	3802.7647033068592	2363.6994467632103	-0.2332263917376887	38.52102897240175	Q1	Rendah	f	1	0
659	3202	2023	113	4.03215310249471	673	4164.15	2684.438669118189	1.05701003673343	28.202820832144187	Q2	0.7113736195000606	Dense	0.1304241584733247	\N	4241.221220057104	3991.054348993376	3802.7647033068592	-0.1029243876961573	-70.45224415054372	Q1	Rendah	f	1	0
660	3202	2024	841	29.7440331427045	679	4164.15	3712.11571437176	1.268824473433953	27.055876963674606	Q2	0.7255110036096448	Dense	0.1608452895368107	\N	2684.438669118189	4241.221220057104	3991.054348993376	-0.0335811172231207	637.6712239498481	Q1	Rendah	f	1	0
661	3203	2019	643	28.42800338893633	589	3840.16	2290.0793276961795	0.6431620098406202	28.88832099140035	Q1	0.6888925996738459	Dense	0.1105212231455438	\N	2290.0793276961795	2290.0793276961795	2290.0793276961795	-0.2369224256650347	\N	Q1	Rendah	f	2	0
662	3203	2020	684	27.615128439415805	645	3840.16	3886.956775152132	0.934837818109223	27.467957137811204	Q1	0.7013216328025548	Dense	0.1588695434824358	\N	2290.0793276961795	2290.0793276961795	2290.0793276961795	-0.1709759916922315	-2.859416253752378	Q1	Rendah	f	2	0
663	3203	2021	430	17.147703072351568	653	3840.16	4062.286974791493	1.1394798069914005	27.459939767904345	Q1	0.7121621500078689	Dense	0.1721771319431228	\N	3886.956775152132	2290.0793276961795	2290.0793276961795	-0.1324242619617237	-37.90467746702131	Q1	Rendah	f	1	0
664	3203	2022	819	32.21436595519725	700	3631.92	4432.384345369465	0.8913470631803971	26.423811170995805	Q1	0.7060374590910639	Dense	0.1780691655811178	\N	4062.286974791493	3886.956775152132	2290.0793276961795	-0.1939807491536703	87.86402948123535	Q1	Rendah	f	1	0
665	3203	2023	829	32.422432712775006	704	3631.92	2681.600476166032	1.0504521666596467	27.70996919389911	Q1	0.7149933286618212	Dense	0.1385252365761868	\N	4432.384345369465	4062.286974791493	3886.956775152132	-0.1461009818067301	0.6458818958818835	Q1	Rendah	f	2	0
666	3203	2024	1932	74.7120846843382	712	3631.92	3496.0454495019285	0.9282651723314144	26.730455452093352	Q1	0.7391241501083315	Dense	0.1607427536496817	\N	2681.600476166032	4432.384345369465	4062.286974791493	-0.1811729070522386	130.433309388596	Q1	Rendah	f	1	0
667	3204	2019	2635	69.8088213234873	2135	1767.96	2174.452273928592	0.3124584185548168	28.3698572897365	Q1	0.6337577457814794	Dense	0.099377338703091	\N	2174.452273928592	2174.452273928592	2174.452273928592	-0.2117450607075744	\N	Q3	Tinggi	f	3	0
668	3204	2020	2303	63.54298932930279	2050	1767.96	3305.967732469152	0.0175093719725169	27.093625479201325	Q1	0.6288692825253253	Dense	0.1276931466165931	\N	2174.452273928592	2174.452273928592	2174.452273928592	-0.2803944777829042	-8.975702318693013	Q3	Tinggi	f	3	0
669	3204	2021	2026	55.253304163952265	2074	1767.96	3510.340033887831	0.2956115341031054	27.108892674893568	Q1	0.632431180225483	Dense	0.1363514760848895	\N	3305.967732469152	2174.452273928592	2174.452273928592	-0.2070822897033351	-13.045790342645624	Q3	Tinggi	f	3	0
670	3204	2022	4191	112.70872979052602	2136	1740.84	3937.025795638504	0.2782243865443887	25.705496078348503	Q1	0.6308834014040157	Dense	0.1399270654721367	\N	3510.340033887831	3305.967732469152	2174.452273928592	-0.2272624323613281	103.98550185539524	Q3	Tinggi	f	3	0
671	3204	2023	1005	27.00222201687995	2138	1740.84	2426.8705638652814	0.461878487232767	27.58363464798875	Q1	0.635975783461062	Dense	0.1100347785056171	\N	3937.025795638504	3510.340033887831	3305.967732469152	-0.1312454357729987	-76.04247508860695	Q3	Tinggi	f	2	0
672	3204	2024	3589	95.62376621628805	2156	1740.84	2994.635684920572	0.1379678165398294	26.177073156537524	Q1	0.6648533231570306	Dense	0.1313293625902693	\N	2426.8705638652814	3937.025795638504	3510.340033887831	-0.2755834677677165	254.13295304553296	Q3	Tinggi	f	2	0
673	3205	2019	769	29.326724271904094	853	3074.07	2029.9590705697688	-0.1008049113506606	28.18924420393504	Q1	0.6950464712555728	Dense	0.0965916660581111	\N	2029.9590705697688	2029.9590705697688	2029.9590705697688	-0.5125280197527308	\N	Q2	Sedang	f	2	0
674	3205	2020	651	25.180899524161067	841	3074.07	3740.585627378873	0.7037311918533552	26.52047482654455	Q1	0.7138576796144606	Dense	0.1430101745238783	\N	2029.9590705697688	2029.9590705697688	2029.9590705697688	-0.3217253515790726	-14.13667857788965	Q1	Rendah	f	2	0
675	3205	2021	1011	38.82880211774361	847	3074.07	3539.275797933657	0.3398512452428696	26.639686335953904	Q1	0.7160692315198595	Dense	0.1626085106469056	\N	3740.585627378873	2029.9590705697688	2029.9590705697688	-0.4317856466469284	54.1994243711881	Q1	Rendah	f	3	0
676	3205	2022	904	34.41514813505607	847	3101.24	4126.449081184703	0.5126802406208955	25.15821454214748	Q1	0.6909777387369906	Dense	0.165165754315514	\N	3539.275797933657	3740.585627378873	2029.9590705697688	-0.367573053592619	-11.3669589118502	Q1	Rendah	f	1	0
677	3205	2023	730	27.21268382447506	865	3101.24	2315.675483614909	0.2049534291349236	26.9468674327918	Q1	0.718808073148305	Dense	0.1406398053632571	\N	4126.449081184703	3539.275797933657	3740.585627378873	-0.4546519084264696	-20.928180469589243	Q2	Sedang	f	2	0
678	3205	2024	3269	120.33042137394564	876	3101.24	3009.3919929339063	0.1612259818727702	25.62792769907602	Q1	0.752007983847449	Dense	0.1550055664091563	\N	2315.675483614909	4126.449081184703	3539.275797933657	-0.5127122016443085	342.18505660849434	Q2	Sedang	f	2	0
679	3206	2019	210	11.964320891016934	688	2551.19	2042.1630877918565	-0.0659003436742199	28.11768866950996	Q1	0.7105106565140658	Dense	0.09891919344299	\N	2042.1630877918565	2042.1630877918565	2042.1630877918565	-0.5407738423056815	\N	Q1	Rendah	f	1	0
680	3206	2020	179	9.59826751593067	731	2551.19	4135.550819200988	1.327345028044006	27.316662999034687	Q1	0.6894064738337972	Dense	0.1531336196954033	\N	2042.1630877918565	2042.1630877918565	2042.1630877918565	-0.0407404202333043	-19.775910364145663	Q1	Rendah	f	1	0
681	3206	2021	48	2.54942401022676	738	2551.19	3809.317711321285	0.7527166606843927	27.247945987696053	Q1	0.6946840581366345	Dense	0.1821263349623237	\N	4135.550819200988	2042.1630877918565	2042.1630877918565	-0.232172817486375	-73.43870645410364	Q1	Rendah	f	1	0
682	3206	2022	319	16.72230897029211	705	2705.86	4609.392683493271	1.1104365007530457	26.51970836423661	Q1	0.6733440491434457	Dense	0.1694138795173907	\N	3809.317711321285	4135.550819200988	2042.1630877918565	-0.0667658707869177	555.9249816120127	Q1	Rendah	f	1	0
683	3206	2023	88	4.613050750425409	705	2705.86	2309.0992973580023	0.189758628858566	26.662453750893217	Q1	0.706816850596352	Dense	0.1527548698619791	\N	4609.392683493271	3809.317711321285	4135.550819200988	-0.4706082464926927	-72.41379310344828	Q1	Rendah	f	1	0
684	3206	2024	763	39.71557609499175	710	2705.86	3228.8956845715384	0.5071968810086309	26.227573109232907	Q1	0.7280747211653028	Dense	0.1731259152832409	\N	2309.0992973580023	4609.392683493271	3809.317711321285	-0.3325735260046457	760.939500640205	Q1	Rendah	f	1	0
685	3207	2019	404	33.79537211695257	845	1414.71	2073.5035564812024	0.0237361662119494	28.549748012568195	Q1	0.678893429351958	Dense	0.1000817339836181	\N	2073.5035564812024	2073.5035564812024	2073.5035564812024	-0.4209589486438839	\N	Q1	Rendah	f	2	1
686	3207	2020	1457	118.51473559106265	869	1414.71	3925.3182816179456	0.9954071206820246	27.80847450145227	Q1	0.6640523520079662	Dense	0.1536644202094566	\N	2073.5035564812024	2073.5035564812024	2073.5035564812024	-0.054449701827956	250.68332782645348	Q2	Sedang	f	4	1
687	3207	2021	470	37.96840745756071	875	1414.71	3573.89547843042	0.3927810611793749	28.01840273517184	Q1	0.6735907334922173	Dense	0.1729859007943272	\N	3925.3182816179456	2073.5035564812024	2073.5035564812024	-0.2388457253456262	-67.963133640553	Q2	Sedang	f	2	1
688	3207	2022	702	56.24886961406256	782	1595.94	4491.620955952175	0.9646662968042872	27.3685168586696	Q2	0.6610134720523053	Dense	0.1633319070431476	\N	3573.89547843042	3925.3182816179456	2073.5035564812024	-0.0234465998280879	48.14650753243966	Q1	Rendah	f	2	1
689	3207	2023	232	18.54194815262095	784	1595.94	2259.7237863777023	0.0756725919704204	27.254895723702955	Q1	0.6713033489502185	Dense	0.1386378225369129	\N	4491.620955952175	3573.89547843042	3925.3182816179456	-0.4003250466555376	-67.03587417873132	Q1	Rendah	f	1	1
690	3207	2024	1420	112.77031182722482	789	1595.94	3136.4338010286915	0.3614630177352822	26.936870997471107	Q1	0.6947411163269045	Dense	0.1654172647526144	\N	2259.7237863777023	4491.620955952175	3573.89547843042	-0.2637304672945952	508.19020147720806	Q1	Rendah	f	2	1
691	3208	2019	505	46.73438272042748	973	1110.56	2334.6964434205424	0.7707709034523095	30.10013971601692	Q2	0.6553637976569167	Dense	0.0830043184060411	\N	2334.6964434205424	2334.6964434205424	2334.6964434205424	-0.0289358102315856	\N	Q2	Sedang	f	3	1
692	3208	2020	362	31.01443168332901	1051	1110.56	3408.361826839889	0.1791802617519931	28.55104340430104	Q2	0.684565031858717	Dense	0.1163665289445186	\N	2334.6964434205424	2334.6964434205424	2334.6964434205424	-0.2660787136540085	-33.63680040696744	Q2	Sedang	f	2	1
693	3208	2021	544	46.081181760038206	1063	1110.56	3222.233080152531	-0.1448734100795113	28.51610693670472	Q2	0.6711008134444381	Dense	0.1499364650436306	\N	3408.361826839889	2334.6964434205424	2334.6964434205424	-0.3471923384018868	48.579803849212325	Q2	Sedang	f	3	1
694	3208	2022	1474	123.19483832014726	1003	1192.9	3837.768406157512	0.1553700291349098	27.351024291161227	Q1	0.6784866688472402	Dense	0.1522216648573653	\N	3222.233080152531	3408.361826839889	2334.6964434205424	-0.2843207400028998	167.34305331332092	Q2	Sedang	f	4	1
695	3208	2023	630	52.445356309172205	1007	1192.9	2278.1950875419416	0.1183519993154145	29.14356866470977	Q2	0.686023645520195	Dense	0.126444345271017	\N	3837.768406157512	3222.233080152531	3408.361826839889	-0.2557977984957548	-57.4289336921064	Q2	Sedang	f	3	1
696	3208	2024	2165	178.28141981511104	1018	1192.9	2867.727473613024	-0.0620586506517996	27.47763022026377	Q2	0.7108858122721319	Dense	0.1521338873658919	\N	2278.1950875419416	3837.768406157512	3222.233080152531	-0.3580400563745482	239.93747466242556	Q2	Sedang	f	3	1
697	3209	2019	1291	58.88185483078687	2227	984.52	1939.93450728122	-0.3582831174744659	34.0800584815389	Q3	0.4966517571905161	Moderate	0.0481551506687809	\N	1939.93450728122	1939.93450728122	1939.93450728122	0.2669598816117968	\N	Q3	Tinggi	f	3	0
698	3209	2020	880	38.76134390371626	2306	984.52	2658.077830542493	-1.0054493989149116	32.53099466329733	Q3	0.5332480611956097	Moderate	0.0788851572828361	\N	1939.93450728122	1939.93450728122	1939.93450728122	-0.0059583609636725	-34.17098694477681	Q3	Tinggi	f	2	0
699	3209	2021	819	35.74892407087411	2327	984.52	2498.2908088736904	-1.2517042825084874	32.745712366850434	Q3	0.522311017025987	Moderate	0.104997473097496	\N	2658.077830542493	1939.93450728122	1939.93450728122	-0.0420813836768642	-7.77171152869478	Q3	Tinggi	f	2	0
700	3209	2022	1815	78.40057640622125	2150	1076.76	2859.1855852346825	-1.055856301368697	31.39487891199547	Q3	0.5365045869970175	Moderate	0.0981665037313651	\N	2498.2908088736904	2658.077830542493	1939.93450728122	-0.0521767092137154	119.30891192917584	Q3	Tinggi	f	3	0
701	3209	2023	728	30.84178718158556	2202	1071.95	1817.91794456472	-0.9451548701815016	33.34449133696894	Q3	0.5166949563890141	Moderate	0.0702243823847185	\N	2859.1855852346825	2498.2908088736904	2658.077830542493	0.0716373023347289	-60.66127496080731	Q3	Tinggi	f	2	0
702	3209	2024	1833	76.74900429367342	2228	1071.95	2210.110788187001	-1.0985616554357966	31.57738703139872	Q3	0.5247372013158764	Moderate	0.0948153953552681	\N	1817.91794456472	2859.1855852346825	2498.2908088736904	0.012229180984362	148.84746088740698	Q3	Tinggi	f	1	0
703	3210	2019	457	37.91133466281277	1001	1204.24	2207.118036009796	0.4058853846526934	31.93945153876175	Q3	0.5776149792930663	Moderate	0.0478674283737368	\N	2207.118036009796	2207.118036009796	2207.118036009796	0.1341741378923596	\N	Q2	Sedang	f	2	1
704	3210	2020	1153	88.32567731775771	1084	1204.24	3170.3744549309395	-0.1965799850596125	30.158973344618488	Q3	0.6222366852520759	Dense	0.0796081084408661	\N	2207.118036009796	2207.118036009796	2207.118036009796	-0.1542418834903673	132.9796038660606	Q2	Sedang	f	4	1
705	3210	2021	447	33.89849017489801	1095	1204.24	3083.381261661226	-0.3571630987691858	30.55448822690588	Q3	0.6039788517922888	Dense	0.1173803665571343	\N	3170.3744549309395	2207.118036009796	2207.118036009796	-0.1426634909178122	-61.6210243676413	Q2	Sedang	f	2	1
706	3210	2022	641	47.99733982419106	1004	1330.17	3474.851006381379	-0.2938255841625163	29.011897069596326	Q2	0.6276050889276514	Dense	0.1159587281256823	\N	3083.381261661226	3170.3744549309395	2207.118036009796	-0.2126499037780554	41.59137936984969	Q2	Sedang	f	2	1
707	3210	2023	253	18.86917187217149	1008	1330.17	2173.7448904603903	-0.1229884709021864	31.09832893677488	Q3	0.5989724268577644	Moderate	0.0855093100942189	\N	3474.851006381379	3083.381261661226	3170.3744549309395	-0.0444765741879157	-60.68704652948023	Q2	Sedang	f	1	1
708	3210	2024	1275	94.25015717045326	1017	1330.17	2576.696252618745	-0.5207677158743542	29.563498779308617	Q3	0.6149251898282703	Dense	0.0955743508893417	\N	2173.7448904603903	3474.851006381379	3083.381261661226	-0.1802142067107098	399.4928119206688	Q2	Sedang	f	2	1
709	3211	2019	663	57.53148436514228	759	1518.33	2285.234081500076	0.6293041775643091	30.41876424731017	Q2	0.6602826137133885	Dense	0.0843022778319195	\N	2285.234081500076	2285.234081500076	2285.234081500076	-0.064533990523421	\N	Q1	Rendah	f	3	3
710	3211	2020	707	61.34956175890739	759	1518.33	3238.834377333822	-0.0884880424810276	28.70964498358187	Q2	0.6848452903015636	Dense	0.1222679194532024	\N	2285.234081500076	2285.234081500076	2285.234081500076	-0.3508287820809919	6.636500754147834	Q1	Rendah	f	3	3
711	3211	2021	1264	108.96513022729611	764	1518.33	3317.1137821656207	0.0001891098922954	28.98537503107304	Q2	0.6780821946458141	Dense	0.1449415125316624	\N	3238.834377333822	2285.234081500076	2285.234081500076	-0.29473314047953	77.61354295489386	Q1	Rendah	f	4	3
712	3211	2022	2186	187.34696641038585	745	1566.2	3660.361456787237	-0.0642127835788468	27.512088376224188	Q2	0.6878801202656458	Dense	0.1532722016754573	\N	3317.1137821656207	3238.834377333822	2285.234081500076	-0.3681027269683429	71.93295324806104	Q1	Rendah	f	4	3
713	3211	2023	1308	111.05616793051075	752	1566.2	2336.573689770916	0.2532403930786804	29.550193864382333	Q2	0.66805642404465	Dense	0.1271775064434843	\N	3660.361456787237	3317.1137821656207	3238.834377333822	-0.1703271000106428	-40.7216620272138	Q1	Rendah	f	4	3
714	3211	2024	2303	193.9891824286738	758	1566.2	2738.182268062937	-0.266241418187631	27.971877067060227	Q2	0.6998182042534831	Dense	0.1404009009445212	\N	2336.573689770916	3660.361456787237	3317.1137821656207	-0.3759045070421576	74.67663979730983	Q1	Rendah	f	3	3
715	3212	2019	222	12.847421699261686	847	2040.11	1598.756573167934	-1.3340821575980948	33.14038921514413	Q3	0.4675129059740807	Moderate	0.0322377055617854	\N	1598.756573167934	1598.756573167934	1598.756573167934	-0.123727951152641	\N	Q1	Rendah	f	1	0
716	3212	2020	214	11.668109522917227	899	2040.11	2277.1414867789817	-1.6069129698763618	31.601457815088366	Q3	0.4796751537867569	Moderate	0.1023045595916538	\N	1598.756573167934	1598.756573167934	1598.756573167934	-0.247712708102809	-9.179368467466354	Q2	Sedang	f	1	0
717	3212	2021	188	10.160076490676287	907	2040.11	2268.478549568977	-1.6030628280065673	32.10555825542097	Q3	0.4712338234991837	Moderate	0.10415835299567	\N	2277.1414867789817	1598.756573167934	1598.756573167934	-0.192499643966205	-12.92439901493062	Q2	Sedang	f	1	0
718	3212	2022	370	19.75855979793551	902	2076.06	2420.8509287557763	-1.598398502343399	30.764306906139545	Q3	0.5039377319581734	Moderate	0.1053927981210045	\N	2268.478549568977	2277.1414867789817	1598.756573167934	-0.2759390377931174	94.47254965125084	Q2	Sedang	f	1	0
719	3212	2023	218	11.513881473526691	912	2076.06	1534.4134442317838	-1.6002145189989745	32.58793728747596	Q3	0.4699335439150445	Moderate	0.0712592334195219	\N	2420.8509287557763	2268.478549568977	2277.1414867789817	-0.1786998328169106	-41.72712185870081	Q2	Sedang	f	1	0
720	3212	2024	528	27.58437197375146	922	2076.06	1882.355246697305	-1.6151537844335515	30.95574436153712	Q3	0.4664809618521446	Moderate	0.0910044122586811	\N	1534.4134442317838	2420.8509287557763	2268.478549568977	-0.1769106612195694	139.5749169137694	Q2	Sedang	f	1	0
721	3213	2019	270	16.910937327220715	843	1893.95	1866.6082029508168	-0.5680028274181408	31.826388070113985	Q3	0.5833007657435413	Moderate	0.0992521189248106	\N	1866.6082029508168	1866.6082029508168	1866.6082029508168	-0.1840552760059264	\N	Q1	Rendah	f	1	0
722	3213	2020	283	17.74621891096032	842	1893.95	2760.347747789342	-0.8439745734322347	30.66990844252246	Q3	0.5848488025610585	Moderate	0.1347437545663615	\N	1866.6082029508168	1866.6082029508168	1866.6082029508168	-0.2625698817205334	4.939297967801548	Q1	Rendah	f	1	0
723	3213	2021	287	17.84866329836892	849	1893.95	2949.651466049144	-0.5616217582774907	30.67939467400609	Q3	0.5708992287810434	Moderate	0.1310313728548341	\N	2760.347747789342	1866.6082029508168	1866.6082029508168	-0.1544758176128646	0.5772744488423243	Q2	Sedang	f	1	0
724	3213	2022	995	61.2623428998022	750	2165.55	3063.857207239314	-0.8025270456546927	29.84653433648637	Q3	0.5868926927888776	Moderate	0.1430652015359961	\N	2949.651466049144	2760.347747789342	1866.6082029508168	-0.2504263543348591	243.2321058204992	Q1	Rendah	f	2	0
725	3213	2023	618	37.45116123143054	762	2165.55	1912.8071691276828	-0.7259057857903167	31.091674617847254	Q3	0.5811527456100634	Moderate	0.1171746470208337	\N	3063.857207239314	2949.651466049144	2760.347747789342	-0.2113103061009545	-38.867566177343406	Q1	Rendah	f	2	0
726	3213	2024	1929	115.98525778670545	768	2165.55	2413.7091684866946	-0.7776599240372453	29.90207183262728	Q3	0.5757680281813756	Moderate	0.1235752642823955	\N	1912.8071691276828	3063.857207239314	2949.651466049144	-0.1841650950953057	209.6973604368932	Q1	Rendah	f	2	0
727	3214	2019	544	56.50111604244912	1166	825.74	2206.9761804686177	0.4054796652697041	30.951626697731093	Q2	0.6162563361741964	Dense	0.0981251626609108	\N	2206.9761804686177	2206.9761804686177	2206.9761804686177	0.0016917984276001	\N	Q2	Sedang	f	3	0
728	3214	2020	534	53.534160889923015	1208	825.74	3414.2726187836693	0.1885128604601995	29.669193078836745	Q2	0.6390967753960954	Dense	0.1323834625649443	\N	2206.9761804686177	2206.9761804686177	2206.9761804686177	-0.0963214507312832	-5.2511443319049445	Q2	Sedang	f	2	0
729	3214	2021	220	21.74919911045776	1225	825.74	3691.925290592718	0.5732361128473082	29.25532409452991	Q2	0.6517840003637638	Dense	0.14776101447337	\N	3414.2726187836693	2206.9761804686177	2206.9761804686177	-0.0343755828350202	-59.37323243904304	Q2	Sedang	f	2	0
730	3214	2022	412	40.04505107124205	1036	993.09	3900.9068919981	0.233518750820144	28.67750846120334	Q2	0.6508165076109356	Dense	0.1499852191057671	\N	3691.925290592718	3414.2726187836693	2206.9761804686177	-0.1157209244714466	84.12195717122763	Q2	Sedang	f	2	0
731	3214	2023	424	40.8956155231886	1044	993.09	2362.582200348339	0.313335120975784	30.099767313832523	Q2	0.6410432377706718	Dense	0.1138413686203203	\N	3900.9068919981	3691.925290592718	3414.2726187836693	-0.0527952483839088	2.124018896700508	Q2	Sedang	f	3	0
732	3214	2024	1088	103.5510766923068	1058	993.09	3113.672355577575	0.3255875493565787	28.75757021523405	Q2	0.6381108208760772	Dense	0.135553498625869	\N	2362.582200348339	3900.9068919981	3691.925290592718	-0.0252498493421983	153.2082605128937	Q2	Sedang	f	2	0
733	3215	2019	199	8.452313449159758	1425	1652.2	1416.3783624280643	-1.855699956363292	32.4097258545528	Q3	0.4891527269686521	Moderate	0.0895743042074273	\N	1416.3783624280643	1416.3783624280643	1416.3783624280643	-0.3440969540200133	\N	Q2	Sedang	f	1	0
734	3215	2020	1329	54.497427918232695	1476	1652.2	2389.301559056579	-1.4298224961113852	31.90057327455204	Q3	0.4946489359963808	Moderate	0.1086260378399924	\N	1416.3783624280643	1416.3783624280643	1416.3783624280643	-0.1643717004759405	544.7634514033583	Q3	Tinggi	f	3	0
735	3215	2021	929	37.63591670478873	1494	1652.2	2460.597627059371	-1.3093331556484256	31.706094181746963	Q3	0.4913546470034342	Moderate	0.1308186072290561	\N	2389.301559056579	1416.3783624280643	1416.3783624280643	-0.1358009248951197	-30.94001287316308	Q3	Tinggi	f	2	0
736	3215	2022	1320	52.69363494701589	1309	1913.71	2470.163550767687	-1.5373625379569895	31.120112618126026	Q3	0.49993594309265	Moderate	0.1173533595547181	\N	2460.597627059371	2389.301559056579	1416.3783624280643	-0.2024719354471094	40.00890521768863	Q2	Sedang	f	2	0
737	3215	2023	991	39.23047775042068	1320	1913.71	1554.711325597758	-1.5533146531283477	32.03944649107683	Q3	0.4973515250911104	Moderate	0.0991793679194753	\N	2470.163550767687	2460.597627059371	2389.301559056579	-0.2268459931366158	-25.54987373737374	Q2	Sedang	f	2	0
738	3215	2024	3279	128.34649843920442	1335	1913.71	2118.618138906484	-1.2427678594396825	30.941380862881847	Q3	0.486175973457769	Moderate	0.1115784419665606	\N	1554.711325597758	2470.163550767687	2460.597627059371	-0.0736959857459822	227.16017188403504	Q2	Sedang	f	2	0
739	3216	2019	511	13.575780153593028	3073	1224.88	1442.1595881707408	-1.7819633725531532	34.85114191408151	Q4	0.4289974080011036	Moderate	0.0463919665197184	\N	1442.1595881707408	1442.1595881707408	1442.1595881707408	0.0520845707793868	\N	Q3	Tinggi	f	1	0
740	3216	2020	317	10.185000477184945	2541	1224.88	2422.361553744257	-1.377623794710603	33.8624645403142	Q4	0.4364049395009104	Moderate	0.0751644609163953	\N	1442.1595881707408	1442.1595881707408	1442.1595881707408	0.1528107681380494	-24.976683756260343	Q3	Tinggi	f	1	0
741	3216	2021	370	11.717238436656404	2578	1224.88	2467.988152374517	-1.2980338270875702	33.62260998607808	Q4	0.4396925173952092	Moderate	0.0896783424105403	\N	2422.361553744257	1442.1595881707408	1442.1595881707408	0.1588229164565238	15.044063698413911	Q3	Tinggi	f	1	0
742	3216	2022	1009	31.38219926390237	2570	1251.05	2466.2402930947032	-1.5422184917845736	32.99550048593496	Q4	0.4525235928110165	Moderate	0.0799961153179981	\N	2467.988152374517	2422.361553744257	1442.1595881707408	0.0817865786183278	167.8293134816287	Q3	Tinggi	f	1	0
743	3216	2023	726	22.42374241166349	2588	1251.02	1613.6202875680194	-1.4172008210899707	34.092348257506025	Q4	0.4405781155115961	Moderate	0.0605695585013743	\N	2466.2402930947032	2467.988152374517	2422.361553744257	0.1263057223692596	-28.54630033065726	Q3	Tinggi	f	1	0
744	3216	2024	1902	58.09550579825831	2617	1251.02	2197.692773314803	-1.1181343183771986	32.7596737586294	Q4	0.4522739544007989	Moderate	0.0713930365708169	\N	1613.6202875680194	2466.2402930947032	2467.988152374517	0.2330223161638559	159.08032982059456	Q3	Tinggi	f	1	0
745	3217	2019	1706	100.34629825152632	1302	1305.77	2174.452273928592	0.3124584185548168	28.3698572897365	Q1	0.6337577457814794	Dense	0.099377338703091	\N	2174.452273928592	2174.452273928592	2174.452273928592	-0.2536383587126798	\N	Q2	Sedang	t	4	3
746	3217	2020	968	54.11131692914476	1370	1305.77	3305.967732469152	0.0175093719725169	27.093625479201325	Q1	0.6288692825253253	Dense	0.1276931466165931	\N	2174.452273928592	2174.452273928592	2174.452273928592	-0.3177432910344391	-46.07542293836266	Q2	Sedang	t	3	3
747	3217	2021	419	23.101761223691582	1389	1305.77	3510.340033887831	0.2956115341031054	27.108892674893568	Q1	0.632431180225483	Dense	0.1363514760848895	\N	3305.967732469152	2174.452273928592	2174.452273928592	-0.2444377775641573	-57.30696916147535	Q2	Sedang	t	2	3
748	3217	2022	1260	68.22352904331942	1439	1283.44	3937.025795638504	0.2782243865443887	25.705496078348503	Q1	0.6308834014040157	Dense	0.1399270654721367	\N	3510.340033887831	3305.967732469152	2174.452273928592	-0.2655787327637718	195.31743654831843	Q2	Sedang	t	2	3
749	3217	2023	1322	71.08656011468833	1449	1283.44	2426.8705638652814	0.461878487232767	27.58363464798875	Q1	0.635975783461062	Dense	0.1100347785056171	\N	3937.025795638504	3510.340033887831	3305.967732469152	-0.1684888212119414	4.1965449625905205	Q2	Sedang	t	4	3
750	3217	2024	3754	199.24739048548167	1468	1283.44	2994.635684920572	0.1379678165398294	26.177073156537524	Q1	0.6648533231570306	Dense	0.1313293625902693	\N	2426.8705638652814	3937.025795638504	3510.340033887831	-0.3124291653181434	180.28841199239852	Q3	Tinggi	t	4	3
751	3218	2019	158	39.6039603960396	395	1010	2073.5035564812024	0.0237361662119494	28.549748012568195	Q1	0.678893429351958	Dense	0.1000817339836181	\N	2073.5035564812024	2073.5035564812024	2073.5035564812024	-0.4435903821400393	\N	Q1	Rendah	t	2	1
752	3218	2020	196	46.314894019234856	419	1010	3925.3182816179456	0.9954071206820246	27.80847450145227	Q1	0.6640523520079662	Dense	0.1536644202094566	\N	2073.5035564812024	2073.5035564812024	2073.5035564812024	-0.079165828244413	16.945107398568005	Q1	Rendah	t	2	1
753	3218	2021	79	18.491210823209983	423	1010	3573.89547843042	0.3927810611793749	28.01840273517184	Q1	0.6735907334922173	Dense	0.1729859007943272	\N	3925.3182816179456	2073.5035564812024	2073.5035564812024	-0.2634948939778767	-60.0750229169682	Q1	Rendah	t	2	1
754	3218	2022	502	116.1817985937605	383	1128.15	4491.620955952175	0.9646662968042872	27.3685168586696	Q2	0.6610134720523053	Dense	0.1633319070431476	\N	3573.89547843042	3925.3182816179456	2073.5035564812024	-0.0453808951804194	528.3082254837	Q1	Rendah	t	3	1
755	3218	2023	253	58.7054960131775	382	1128.18	2259.7237863777023	0.0756725919704204	27.254895723702955	Q1	0.6713033489502185	Dense	0.1386378225369129	\N	4491.620955952175	3573.89547843042	3925.3182816179456	-0.422054859349957	-49.47100430210567	Q1	Rendah	t	3	1
756	3218	2024	890	204.9042095843138	385	1128.18	3136.4338010286915	0.3614630177352822	26.936870997471107	Q1	0.6947411163269045	Dense	0.1654172647526144	\N	2259.7237863777023	4491.620955952175	3573.89547843042	-0.2853666036468809	249.03752374108103	Q1	Rendah	t	4	1
757	3271	2019	611	54.93999087330758	9385	118.5	2896.2170670752585	2.376769506486104	34.93157212118398	Q4	0.4760831431296455	Moderate	0.0471186353250874	\N	2896.2170670752585	2896.2170670752585	2896.2170670752585	1.548364885236753	\N	Q4	Sangat Tinggi	f	3	3
758	3271	2020	241	23.10560411567375	8802	118.5	4396.017795340623	1.738598509501612	34.59728781457616	Q4	0.4549268306793518	Moderate	0.06082053385391	\N	2896.2170670752585	2896.2170670752585	2896.2170670752585	1.457431524459022	-57.94392436475716	Q4	Sangat Tinggi	f	1	3
759	3271	2021	526	49.98106705777328	8881	118.5	4842.165652070178	2.3318315054718544	34.392380822240085	Q4	0.461810426919328	Moderate	0.0621085106468363	\N	4396.017795340623	2896.2170670752585	2896.2170670752585	1.6157569810272554	116.31577693252557	Q4	Sangat Tinggi	f	3	3
760	3271	2022	1531	143.94732524526754	9550	111.37	5257.573596276962	1.9127127840758047	34.42074777392411	Q4	0.4732618071792049	Moderate	0.0769009544769523	\N	4842.165652070178	4396.017795340623	2896.2170670752585	1.5723787870645696	188.00370564093475	Q4	Sangat Tinggi	f	4	3
761	3271	2023	1474	137.6655093860139	9614	111.37	3318.392432540093	2.521810521896743	34.4179217550848	Q4	0.4549817950105541	Moderate	0.0459586166730201	\N	5257.573596276962	4842.165652070178	4396.017795340623	1.6898835206596912	-4.36396845064696	Q4	Sangat Tinggi	f	4	3
762	3271	2024	3117	289.0404673438473	9683	111.37	4469.516780057714	2.462602699881349	33.10410187273489	Q4	0.4800059236215343	Moderate	0.0534356399906068	\N	3318.392432540093	5257.573596276962	4842.165652070178	1.672630432655109	109.95852093451978	Q4	Sangat Tinggi	f	4	3
763	3272	2019	786	239.13909924272616	6812	48.25	2482.1062217003064	1.1923758953579957	32.83913478960145	Q3	0.5273402280622	Moderate	0.0651623218279812	\N	2482.1062217003064	2482.1062217003064	2482.1062217003064	0.8145660617286611	\N	Q3	Tinggi	f	4	6
764	3272	2020	651	187.96639703642532	7178	48.25	3741.861040311892	0.7057449519728678	31.863230990105585	Q3	0.5243490250445058	Moderate	0.08677607440215	\N	2482.1062217003064	2482.1062217003064	2482.1062217003064	0.7386705193735885	-21.398718305934796	Q4	Sangat Tinggi	f	4	6
765	3272	2021	449	127.98376401960232	7271	48.25	4052.05447445103	1.1238354003469897	31.82172276817386	Q3	0.5310016355099648	Moderate	0.0818929407231283	\N	3741.861040311892	2482.1062217003064	2482.1062217003064	0.8543803357125359	-31.91135966988781	Q4	Sangat Tinggi	f	4	6
766	3272	2022	1028	288.4538193432249	7377	48.31	4423.94085495363	0.8808962585123057	31.198685276186097	Q3	0.5278579049648295	Moderate	0.0959253195942945	\N	4052.05447445103	3741.861040311892	2482.1062217003064	0.816098606211767	125.38313476937944	Q4	Sangat Tinggi	f	4	6
767	3272	2023	415	115.07506984571484	7465	48.31	2815.538633688553	1.3599269098363045	32.28984365333356	Q3	0.5194363667595528	Moderate	0.0585673956310065	\N	4423.94085495363	4052.05447445103	3741.861040311892	0.9636992802979342	-60.10624157872927	Q4	Sangat Tinggi	f	4	6
768	3272	2024	1631	445.926906100343	7571	48.31	3760.5335809250346	1.3451383281154052	30.73793554971632	Q3	0.5351797707579287	Moderate	0.0766381443328526	\N	2815.538633688553	4423.94085495363	4052.05447445103	0.9466234770602904	287.5095680569325	Q4	Sangat Tinggi	f	4	6
769	3273	2019	4424	176.40677494685178	14957	167.67	1692.8492417452292	-1.0649688108659212	36.30006472651239	Q4	0.3230889626482032	Sparse	-0.0069539431113579	\N	1692.8492417452292	1692.8492417452292	1692.8492417452292	1.1498050200465988	\N	Q4	Sangat Tinggi	f	4	6
770	3273	2020	4424	181.0054286122016	14577	167.67	2513.0121962627127	-1.2344947390252556	35.29757447976612	Q4	0.3381847868158817	Sparse	0.0054522583317455	\N	1692.8492417452292	1692.8492417452292	1692.8492417452292	1.124430319457598	2.60684640186597	Q4	Sangat Tinggi	f	4	6
771	3273	2021	3743	152.58791426263247	14630	167.67	2682.1550078335904	-0.9705954430097968	35.46669697293659	Q4	0.3374474329154194	Sparse	0.0046616967592072	\N	2513.0121962627127	1692.8492417452292	1692.8492417452292	1.222178256147635	-15.699813297010412	Q4	Sangat Tinggi	f	4	6
772	3273	2022	5205	211.4535220039876	14776	166.59	2968.19714774301	-0.9209288613847094	34.02813837910792	Q4	0.3408464943122857	Sparse	0.0173264864881646	\N	2682.1550078335904	2513.0121962627127	1692.8492417452292	1.2000968197290622	38.57815871317065	Q4	Sangat Tinggi	f	4	6
773	3273	2023	1856	74.04216732546044	15047	166.59	1852.1041318064256	-0.8661649713168932	34.986118175309926	Q4	0.3351295834284958	Sparse	-0.002506271633602	\N	2968.19714774301	2682.1550078335904	2513.0121962627127	1.197345714854258	-64.98418819239902	Q4	Sangat Tinggi	f	4	6
774	3273	2024	7680	303.77705953489266	15176	166.59	2253.761282607922	-1.0297618977193672	33.26870284080299	Q4	0.3419329183244985	Sparse	0.0043853365036695	\N	1852.1041318064256	2968.19714774301	2682.1550078335904	1.1390273823512465	310.2757530038355	Q4	Sangat Tinggi	f	4	6
775	3274	2019	135	42.27787953698018	8547	37.36	1971.1202884361744	-0.2690890276057888	36.75171081978207	Q4	0.4067591285832212	Moderate	-0.0004556151755235	\N	1971.1202884361744	1971.1202884361744	1971.1202884361744	0.9686408930666328	\N	Q4	Sangat Tinggi	f	2	1
776	3274	2020	171	51.306891541671874	8921	37.36	2702.006893223657	-0.9360894353888136	35.41788930951739	Q4	0.4493994363718247	Moderate	0.021008395951078	\N	1971.1202884361744	1971.1202884361744	1971.1202884361744	0.7327900400582992	21.35635018495683	Q4	Sangat Tinggi	f	2	1
777	3274	2021	166	49.276420294855846	9017	37.36	2478.127582149077	-1.2825317154571996	35.59784865275923	Q4	0.4436879164865006	Moderate	0.0306905878983079	\N	2702.006893223657	1971.1202884361744	1971.1202884361744	0.6617377988266095	-3.9575019764486408	Q4	Sangat Tinggi	f	3	1
778	3274	2022	270	79.11911241718207	8646	39.47	2852.147554206743	-1.0645675195851612	34.09813378790012	Q4	0.4295280014305515	Moderate	0.0347439109680768	\N	2478.127582149077	2702.006893223657	1971.1202884361744	0.6782419806837011	60.56181017970903	Q4	Sangat Tinggi	f	3	1
779	3274	2023	227	66.37732779732774	8671	39.44	1845.9937170178853	-0.8802835696488763	35.889585912916566	Q4	0.4296891059411892	Moderate	0.0076700827722403	\N	2852.147554206743	2478.127582149077	2702.006893223657	0.7689673479442412	-16.10455960712627	Q4	Sangat Tinggi	f	4	1
780	3274	2024	597	173.11204066445333	8744	39.44	2216.9234502731347	-1.0878238732606365	33.95867921825377	Q4	0.4358785126529275	Moderate	0.0349681664344623	\N	1845.9937170178853	2852.147554206743	2478.127582149077	0.6936634547981407	160.79995445586857	Q4	Sangat Tinggi	f	3	1
781	3275	2019	2373	78.99723013340255	14539	206.61	1510.4955448703902	-1.5865164978109365	38.40332938438109	Q4	0.3232670174652672	Sparse	0.0027626102934642	\N	1510.4955448703902	1510.4955448703902	1510.4955448703902	1.140105465678451	\N	Q4	Sangat Tinggi	f	4	2
782	3275	2020	1646	64.71205058016535	12311	206.61	2452.1655455847	-1.330566023367086	37.98694975844051	Q4	0.3140979198237955	Sparse	0.0107176079522601	\N	1510.4955448703902	1510.4955448703902	1510.4955448703902	1.2142355139744052	-18.083139787450563	Q4	Sangat Tinggi	f	3	2
783	3275	2021	1844	71.89485927349372	12414	206.61	2433.525304967932	-1.350723861880034	37.38519681742302	Q4	0.3259267546054709	Sparse	0.0229718919140918	\N	2452.1655455847	1510.4955448703902	1510.4955448703902	1.1549731354609107	11.099646246614148	Q4	Sangat Tinggi	f	4	2
784	3275	2022	2442	94.2728524111475	12159	213.04	2433.152419132903	-1.583172515609684	37.33822239197275	Q4	0.3215077235189053	Sparse	0.0186325062442029	\N	2433.525304967932	2452.1655455847	1510.4955448703902	1.1328948458436492	31.12599894315966	Q4	Sangat Tinggi	f	3	2
785	3275	2023	1220	46.43710759121558	12332	213.04	1652.0688524814989	-1.3283623603241552	37.867894819965	Q4	0.3140307478998164	Sparse	-0.0009515269913946	\N	2433.152419132903	2433.525304967932	2452.1655455847	1.162580303518388	-50.74180275283098	Q4	Sangat Tinggi	f	3	2
786	3275	2024	4167	157.599767119964	12411	213.04	2205.344352800981	-1.1060742759474218	36.110206297965725	Q4	0.325742884458117	Sparse	0.0059215759151626	\N	1652.0688524814989	2433.152419132903	2433.525304967932	1.2266671437479006	239.38325467492476	Q4	Sangat Tinggi	f	3	2
787	3276	2019	2200	91.40445280863511	12017	200.29	2066.7217976370857	0.0043397366402713	36.81995260551592	Q4	0.436530576254908	Moderate	0.0266180766609168	\N	2066.7217976370857	2066.7217976370857	2066.7217976370857	1.1830821211344074	\N	Q4	Sangat Tinggi	f	4	3
788	3276	2020	1276	62.05086582768028	10267	200.29	3213.666871986071	-0.1282252266233923	36.62597087586577	Q4	0.4328468815439305	Moderate	0.0386507971659756	\N	2066.7217976370857	2066.7217976370857	2066.7217976370857	1.167533224935851	-32.11395733904744	Q4	Sangat Tinggi	f	3	3
789	3276	2021	3155	151.24492913024557	10415	200.29	3390.952157643655	0.1130801466385285	36.09569441111799	Q4	0.440142318204749	Moderate	0.039739084862132	\N	3213.666871986071	2066.7217976370857	2066.7217976370857	1.2010664545985803	143.74346290390793	Q4	Sangat Tinggi	f	4	3
790	3276	2022	2234	105.20644664793188	10622	199.91	3519.8278131137063	-0.2381562106446028	36.24766985969392	Q4	0.4309244440874871	Moderate	0.043962482089851	\N	3390.952157643655	3213.666871986071	2066.7217976370857	1.190473195863004	-30.439686637472217	Q4	Sangat Tinggi	f	3	3
791	3276	2023	1031	48.05554225081495	10732	199.91	2303.420020060164	0.1766362079167817	36.72392158767277	Q4	0.4032101931167993	Moderate	0.0202431927021321	\N	3519.8278131137063	3390.952157643655	3213.666871986071	1.3018445838245154	-54.3226258637644	Q4	Sangat Tinggi	f	3	3
792	3276	2024	5040	232.94229978099773	10823	199.91	3231.397356757108	0.5111398933968393	34.94528447655678	Q4	0.4289895500411198	Moderate	0.0325293238778172	\N	2303.420020060164	3519.8278131137063	3390.952157643655	1.3763808672242188	384.73555571427846	Q4	Sangat Tinggi	f	4	3
793	3277	2019	1020	166.04248529071128	15643	39.27	1620.051388290931	-1.2731771046067983	36.23815958255757	Q4	0.3010635745046053	Sparse	-0.0169835008765705	\N	1620.051388290931	1620.051388290931	1620.051388290931	1.1520773345675268	\N	Q4	Sangat Tinggi	f	4	5
794	3277	2020	433	76.17955418880403	14474	39.27	2467.2556764599635	-1.3067400898453785	34.562992533459024	Q4	0.3229070297773214	Sparse	-0.0008878928786586	\N	1620.051388290931	1620.051388290931	1620.051388290931	1.066007267930262	-54.12044450224472	Q4	Sangat Tinggi	f	4	5
795	3277	2021	590	103.21648457529356	14556	39.27	2638.8424960055063	-1.036815675141129	34.93935756199785	Q4	0.3261386584113654	Sparse	0.0048282493678447	\N	2467.2556764599635	1620.051388290931	1620.051388290931	1.1754798356167564	35.49105882069219	Q4	Sangat Tinggi	f	4	5
796	3277	2022	675	117.34569054731438	13557	42.43	2915.8647493909352	-0.9857025090179896	33.61503664838706	Q4	0.3233752448238341	Sparse	0.0031690742375236	\N	2638.8424960055063	2467.2556764599635	1620.051388290931	1.1122341558298667	13.6889044711787	Q4	Sangat Tinggi	f	4	5
797	3277	2023	350	59.24217544580415	13924	42.43	1780.7592295129662	-1.031013030470757	34.911780710496075	Q4	0.3234984076872385	Sparse	-0.013011856016494	\N	2915.8647493909352	2638.8424960055063	2467.2556764599635	1.0997455401360985	-49.51482651856106	Q4	Sangat Tinggi	f	4	5
798	3277	2024	850	141.9772893128015	14110	42.43	2194.277777606264	-1.1235168662834036	33.193016607610595	Q4	0.3270170970559838	Sparse	-0.0039348141463385	\N	1780.7592295129662	2915.8647493909352	2638.8424960055063	1.069859332102586	139.6557659208261	Q4	Sangat Tinggi	f	3	5
799	3278	2019	658	99.17939451311253	3866	171.61	2310.369550458224	0.7011938399076938	30.44461042123673	Q2	0.5923162033566718	Moderate	0.0604980331345504	\N	2310.369550458224	2310.369550458224	2310.369550458224	0.2239188256585968	\N	Q3	Tinggi	f	4	5
800	3278	2020	1409	196.75239024480703	4173	171.61	4263.212081013488	1.5289104592774692	29.567816179352377	Q2	0.5930883105687503	Moderate	0.1055818352606076	\N	2310.369550458224	2310.369550458224	2310.369550458224	0.5352692631139021	98.38030995318728	Q3	Tinggi	f	4	5
801	3278	2021	909	125.57833381672008	4218	171.61	3952.667402946488	0.9718831198603006	29.264324519535425	Q2	0.5852977810609022	Moderate	0.116611245359868	\N	4263.212081013488	2310.369550458224	2310.369550458224	0.3561242895358603	-36.17443037898009	Q3	Tinggi	f	4	5
802	3278	2022	1855	252.87889328527064	3988	183.94	4822.000764471837	1.373588990509853	28.84092727721943	Q2	0.5842814542000491	Moderate	0.1118630357991842	\N	3952.667402946488	4263.212081013488	2310.369550458224	0.5108239892139506	101.37143534197864	Q3	Tinggi	f	4	5
803	3278	2023	353	47.585024936035886	4033	183.94	2533.653361435985	0.7086086160112063	29.15947991991033	Q2	0.5844816986686655	Moderate	0.0930994181907753	\N	4822.000764471837	3952.667402946488	4263.212081013488	0.2446984394948232	-81.18268222474558	Q3	Tinggi	f	3	5
804	3278	2024	1777	236.7252865261855	4081	183.94	3366.5797111637366	0.7242076570979294	27.923332343660267	Q2	0.5960545587337841	Moderate	0.114375326899634	\N	2533.653361435985	4822.000764471837	3952.667402946488	0.2502632078717972	397.4785383519148	Q3	Tinggi	f	4	5
805	3279	2019	62	33.8687934957932	1613	113.49	2065.141982652784	-0.0001786738169027	31.061992807680195	Q2	0.6168670347507561	Dense	0.0807920388577287	\N	2065.141982652784	2065.141982652784	2065.141982652784	-0.0896812951964391	\N	Q3	Tinggi	f	2	1
806	3279	2020	146	72.64014435686332	1771	113.49	3513.816247986596	0.3456831270074729	29.84501253518172	Q2	0.6355915488453577	Dense	0.1351232703380886	\N	2065.141982652784	2065.141982652784	2065.141982652784	0.000762476021071	114.47514617220084	Q3	Tinggi	f	4	1
807	3279	2021	29	14.259437584179851	1792	113.49	3315.841206284269	-0.0017565235219551	30.441171135492933	Q2	0.6464873536550406	Dense	0.1430110270431747	\N	3513.816247986596	2065.141982652784	2065.141982652784	-0.0752438172956575	-80.36975599315068	Q3	Tinggi	f	1	1
808	3279	2022	113	54.729034130381805	1576	131.01	4115.825527912321	0.4995310955798231	29.6965923876566	Q3	0.6343123331740724	Dense	0.134303659542609	\N	3315.841206284269	3513.816247986596	2065.141982652784	0.0960157881711151	283.8092057087931	Q3	Tinggi	f	2	1
809	3279	2023	53	25.53972670757649	1584	131.01	2159.6416214600586	-0.155575193256457	29.6388985545399	Q2	0.6172144179646439	Dense	0.1111692666552471	\N	4115.825527912321	3315.841206284269	3513.816247986596	-0.1618624222218644	-53.33422722803254	Q3	Tinggi	f	1	1
810	3279	2024	400	190.70593664243412	1601	131.01	2983.075637255937	0.1197474392206649	28.637286617000324	Q2	0.6301231759197325	Dense	0.1400114520562947	\N	2159.6416214600586	4115.825527912321	3315.841206284269	-0.0559071329638197	646.7031218695863	Q3	Tinggi	f	3	1
\.


--
-- Data for Name: pipeline_runs; Type: TABLE DATA; Schema: warehouse_dbd_v3; Owner: -
--

COPY warehouse_dbd_v3.pipeline_runs (run_id, run_at, year_start, year_end, n_regions, n_years, fact_rows, imputed_rows, null_ir_rows, status) FROM stdin;
1	2026-05-01 20:04:32.811085	2019	2024	27	6	162	12	0	SUCCESS
2	2026-05-01 20:06:08.262663	2019	2024	27	6	162	12	0	SUCCESS
\.


--
-- Name: fact_dbd_env_fact_id_seq; Type: SEQUENCE SET; Schema: warehouse_dbd_v3; Owner: -
--

SELECT pg_catalog.setval('warehouse_dbd_v3.fact_dbd_env_fact_id_seq', 810, true);


--
-- Name: pipeline_runs_run_id_seq; Type: SEQUENCE SET; Schema: warehouse_dbd_v3; Owner: -
--

SELECT pg_catalog.setval('warehouse_dbd_v3.pipeline_runs_run_id_seq', 2, true);


--
-- Name: dim_waktu dim_waktu_pkey; Type: CONSTRAINT; Schema: warehouse_dbd_v3; Owner: -
--

ALTER TABLE ONLY warehouse_dbd_v3.dim_waktu
    ADD CONSTRAINT dim_waktu_pkey PRIMARY KEY (tahun);


--
-- Name: dim_wilayah dim_wilayah_pkey; Type: CONSTRAINT; Schema: warehouse_dbd_v3; Owner: -
--

ALTER TABLE ONLY warehouse_dbd_v3.dim_wilayah
    ADD CONSTRAINT dim_wilayah_pkey PRIMARY KEY (kode_bps);


--
-- Name: fact_dbd_env fact_dbd_env_pkey; Type: CONSTRAINT; Schema: warehouse_dbd_v3; Owner: -
--

ALTER TABLE ONLY warehouse_dbd_v3.fact_dbd_env
    ADD CONSTRAINT fact_dbd_env_pkey PRIMARY KEY (fact_id);


--
-- Name: pipeline_runs pipeline_runs_pkey; Type: CONSTRAINT; Schema: warehouse_dbd_v3; Owner: -
--

ALTER TABLE ONLY warehouse_dbd_v3.pipeline_runs
    ADD CONSTRAINT pipeline_runs_pkey PRIMARY KEY (run_id);


--
-- Name: fact_dbd_env fact_dbd_env_kode_bps_fkey; Type: FK CONSTRAINT; Schema: warehouse_dbd_v3; Owner: -
--

ALTER TABLE ONLY warehouse_dbd_v3.fact_dbd_env
    ADD CONSTRAINT fact_dbd_env_kode_bps_fkey FOREIGN KEY (kode_bps) REFERENCES warehouse_dbd_v3.dim_wilayah(kode_bps);


--
-- Name: fact_dbd_env fact_dbd_env_tahun_fkey; Type: FK CONSTRAINT; Schema: warehouse_dbd_v3; Owner: -
--

ALTER TABLE ONLY warehouse_dbd_v3.fact_dbd_env
    ADD CONSTRAINT fact_dbd_env_tahun_fkey FOREIGN KEY (tahun) REFERENCES warehouse_dbd_v3.dim_waktu(tahun);


--
-- PostgreSQL database dump complete
--

\unrestrict XTYIx6bedtXrK8TlkzsI7ESECq2NPDouwGkwwHN73SfVTruKekYg8u2uiXQMr5D

